-- MySQL dump 10.13  Distrib 8.0.18, for macos10.14 (x86_64)
--
-- Host: localhost    Database: db_itinerarios
-- ------------------------------------------------------
-- Server version	8.0.18

/*!40101 SET @OLD_CHARACTER_SET_CLIENT=@@CHARACTER_SET_CLIENT */;
/*!40101 SET @OLD_CHARACTER_SET_RESULTS=@@CHARACTER_SET_RESULTS */;
/*!40101 SET @OLD_COLLATION_CONNECTION=@@COLLATION_CONNECTION */;
/*!50503 SET NAMES utf8 */;
/*!40103 SET @OLD_TIME_ZONE=@@TIME_ZONE */;
/*!40103 SET TIME_ZONE='+00:00' */;
/*!40014 SET @OLD_UNIQUE_CHECKS=@@UNIQUE_CHECKS, UNIQUE_CHECKS=0 */;
/*!40014 SET @OLD_FOREIGN_KEY_CHECKS=@@FOREIGN_KEY_CHECKS, FOREIGN_KEY_CHECKS=0 */;
/*!40101 SET @OLD_SQL_MODE=@@SQL_MODE, SQL_MODE='NO_AUTO_VALUE_ON_ZERO' */;
/*!40111 SET @OLD_SQL_NOTES=@@SQL_NOTES, SQL_NOTES=0 */;

--
-- Table structure for table `ciudades`
--

DROP TABLE IF EXISTS `ciudades`;
/*!40101 SET @saved_cs_client     = @@character_set_client */;
/*!50503 SET character_set_client = utf8mb4 */;
CREATE TABLE `ciudades` (
  `id_ciudad` int(11) NOT NULL AUTO_INCREMENT,
  `ciudad` varchar(100) CHARACTER SET utf8 COLLATE utf8_spanish_ci NOT NULL,
  `latitud` float NOT NULL,
  `longitud` float NOT NULL,
  `id_estado` int(11) NOT NULL,
  PRIMARY KEY (`id_ciudad`),
  KEY `fk_estado_idx` (`id_estado`),
  CONSTRAINT `fk_estado` FOREIGN KEY (`id_estado`) REFERENCES `estados` (`id_estado`)
) ENGINE=InnoDB AUTO_INCREMENT=2323 DEFAULT CHARSET=utf8 COLLATE=utf8_spanish_ci;
/*!40101 SET character_set_client = @saved_cs_client */;

--
-- Dumping data for table `ciudades`
--

LOCK TABLES `ciudades` WRITE;
/*!40000 ALTER TABLE `ciudades` DISABLE KEYS */;
INSERT INTO `ciudades` VALUES (1,'Aguascalientes',21.7711,-102.359,1),(2,'Asientos',22.0736,-101.971,1),(3,'Calvillo',21.8477,-102.721,1),(4,'Cosio',22.3659,-102.3,1),(5,'El Llano',19.5942,-99.025,1),(6,'Jesus Maria',21.9368,-102.432,1),(7,'Pabellon de Arteaga',22.1357,-102.296,1),(8,'Rincon de Romos',22.3509,-102.206,1),(9,'San Francisco de los Romo',22.0373,-102.145,1),(10,'San Jose de Gracia',22.1692,-102.6,1),(11,'Tepezala',22.2242,-102.174,1),(12,'Ensenada',30.7356,-115.996,2),(13,'Mexicali',32.6133,-115.342,2),(14,'Playas de Rosarito',32.2076,-116.896,2),(15,'Tecate',32.5913,-116.191,2),(16,'Tijuana',32.4676,-116.804,2),(17,'Comondu',25.1166,-111.825,3),(18,'La Paz',24.0725,-110.362,3),(19,'Loreto',23.9847,-109.907,3),(20,'Los Cabos',23.4431,-109.776,3),(21,'Mulege',27.1422,-114.293,3),(22,'Calakmul',18.8577,-89.5185,4),(23,'Calkini',20.2896,-90.0545,4),(24,'Campeche',19.4866,-90.3732,4),(25,'Candelaria',18.1859,-91.0431,4),(26,'Carmen',18.2667,-91.8,4),(27,'Champoton',18.8567,-90.6322,4),(28,'Escarcega',18.6065,-90.7378,4),(29,'Hecelchakan',20.2167,-90.1,4),(30,'Hopelchen',20.0053,-89.7468,4),(31,'Palizada',18.8083,-90.8667,4),(32,'Tenabo',20.041,-90.2255,4),(33,'Acacoyagua',15.34,-92.6742,5),(34,'Acala',16.5374,-92.8928,5),(35,'Acapetahua',15.2805,-92.6903,5),(36,'Aldama',16.9167,-92.6833,5),(37,'Altamirano',16.7343,-92.0362,5),(38,'Amatan',17.3736,-92.8181,5),(39,'Amatenango de La Frontera',15.5617,-92.0768,5),(40,'Amatenango Del Valle',16.5272,-92.4347,5),(41,'Angel Albino Corzo',15.8265,-92.6857,5),(42,'Arriaga',16.3097,-93.8208,5),(43,'Bejucal de Ocampo',15.4544,-92.1578,5),(44,'Bella Vista',15.5824,-92.2305,5),(45,'Benemerito de las Americas',16.403,-90.6309,5),(46,'Berriozabal',16.7979,-93.2728,5),(47,'Bochil',16.9965,-92.8944,5),(48,'Cacahoatan',15.0256,-92.1476,5),(49,'Catazaja',17.735,-92.1009,5),(50,'Chalchihuitan',16.9638,-92.6183,5),(51,'Chamula',16.784,-92.6896,5),(52,'Chanal',16.6537,-92.256,5),(53,'Chapultenango',17.3394,-93.1297,5),(54,'Chenalho',17.6167,-93.0333,5),(55,'Chiapa de Corzo',16.5636,-93.0225,5),(56,'Chiapilla',16.5706,-92.7236,5),(57,'Chicoasen',16.9552,-93.1033,5),(58,'Chicomuselo',15.7454,-92.2832,5),(59,'Chilon',17.1047,-92.2737,5),(60,'Cintalapa',16.664,-93.8006,5),(61,'Coapilla',17.1306,-93.1602,5),(62,'Comitan de Dominguez',16.2498,-92.1317,5),(63,'Copainala',17.0919,-93.2108,5),(64,'El Bosque',17.0252,-92.8075,5),(65,'El Porvenir',16.2686,-92.1625,5),(66,'Escuintla',15.3359,-92.4972,5),(67,'Francisco Leon',16,-93.7833,5),(68,'Frontera Comalapa',15.6595,-92.1421,5),(69,'Frontera Hidalgo',14.7952,-92.2392,5),(70,'Huehuetan',15.0386,-92.2844,5),(71,'Huitiupan',17.1706,-92.6853,5),(72,'Huixtan',16.6873,-92.3238,5),(73,'Huixtla',15.1385,-92.4647,5),(74,'Ixhuatan',17.2939,-92.9425,5),(75,'Ixtacomitan',16.75,-93.2,5),(76,'Ixtapa',16.8068,-92.9026,5),(77,'Ixtapangajoya',17.4958,-93.0022,5),(78,'Jiquipilas',16.4229,-93.7869,5),(79,'Jitotol',16.7361,-92.0389,5),(80,'Juarez',17.7323,-93.3655,5),(81,'La Concordia',15.2,-92.3667,5),(82,'La Grandeza',15.5159,-92.226,5),(83,'La Independencia',16.18,-91.6392,5),(84,'La Libertad',17.6892,-91.719,5),(85,'La Trinitaria',16.1263,-92.0277,5),(86,'Larrainzar',16.882,-92.712,5),(87,'Las Margaritas',16.6138,-92.0848,5),(88,'Las Rosas',16.3608,-92.3673,5),(89,'Mapastepec',15.433,-92.8978,5),(90,'Maravilla Tenejapa',16.1559,-91.409,5),(91,'Marques de Comillas',16.2642,-90.621,5),(92,'Mazapa de Madero',15.3833,-92.1833,5),(93,'Mazatan',14.9397,-92.5148,5),(94,'Metapa',14.8405,-92.1885,5),(95,'Mitontic',16.8825,-92.5453,5),(96,'Montecristo de Guerrero',15.35,-92.75,5),(97,'Motozintla',15.3709,-92.2485,5),(98,'Nicolas Ruiz',15.2667,-92.4,5),(99,'Ocosingo',16.8207,-92.218,5),(100,'Ocotepec',17.221,-93.1565,5),(101,'Ocozocoautla de Espinosa',16.6695,-93.5047,5),(102,'Ostuacan',17.4095,-93.3362,5),(103,'Osumacinta',16.936,-93.0917,5),(104,'Oxchuc',16.85,-92.4167,5),(105,'Palenque',17.51,-91.9815,5),(106,'Pantelho',17.007,-92.4702,5),(107,'Pantepec',17.1878,-93.05,5),(108,'Pichucalco',17.5564,-93.0345,5),(109,'Pijijiapan',15.5367,-93.1566,5),(110,'Pueblo Nuevo Solistahuacan',17.1907,-92.8728,5),(111,'Rayon',17.2008,-93.0117,5),(112,'Reforma',17.831,-93.2865,5),(113,'Sabanilla',17.3768,-92.6865,5),(114,'Salto de Agua',17.5583,-92.3454,5),(115,'San Andres Duraznal',16.6167,-93.6,5),(116,'San Cristobal de las Casas',16.7386,-92.6333,5),(117,'San Fernando',14.9333,-92.4167,5),(118,'San Juan Cancuc',16.8919,-92.3708,5),(119,'San Lucas',16.6042,-92.7105,5),(120,'Santiago El Pinar',16.1333,-92.9833,5),(121,'Siltepec',15.5572,-92.3232,5),(122,'Simojovel',17.1406,-92.7109,5),(123,'Sitala',17.0244,-92.3058,5),(124,'Socoltenango',16.8,-92.1667,5),(125,'Solosuchiapa',17.4298,-93.0356,5),(126,'Soyalo',16.8906,-92.9227,5),(127,'Suchiapa',16.6245,-93.0986,5),(128,'Suchiate',15.3333,-92.4333,5),(129,'Sunuapa',17.4889,-93.2425,5),(130,'Tapachula',14.9774,-92.265,5),(131,'Tapalapa',17.2309,-93.1077,5),(132,'Tapilula',17.2493,-93.0167,5),(133,'Tecpatan',17.136,-93.3107,5),(134,'Tenejapa',16.8182,-92.5075,5),(135,'Teopisca',16.541,-92.4746,5),(136,'Tila',17.4692,-92.5201,5),(137,'Tonala',15.8807,-93.5276,5),(138,'Totolapa',16.5445,-92.6816,5),(139,'Tumbala',17.2796,-92.3159,5),(140,'Tuxtla Chico',14.9698,-92.1904,5),(141,'Tuxtla Gutierrez',16.7117,-93.1112,5),(142,'Tuzantan',15.1451,-92.4257,5),(143,'Tzimol',16.0096,-92.2284,5),(144,'Union Juarez',15.0535,-92.1421,5),(145,'Venustiano Carranza',16.4404,-92.4561,5),(146,'Villa Comaltitlan',15.2127,-92.5762,5),(147,'Villa Corzo',16.1854,-93.2682,5),(148,'Villaflores',16.3487,-93.5335,5),(149,'Yajalon',17.1707,-92.3298,5),(150,'Zinacantan',16.7595,-92.7216,5),(151,'Ahumada',30.6138,106.514,6),(152,'Allende',26.9142,105.419,6),(153,'Aquiles Serdan',28.5922,105.891,6),(154,'Ascension',31.5068,107.389,6),(155,'Bachiniva',28.9776,107.43,6),(156,'Balleza',26.9457,106.376,6),(157,'Batopilas',27.0271,107.739,6),(158,'Bocoyna',27.8401,107.583,6),(159,'Buenaventura',30.155,106.885,6),(160,'Camargo',27.7178,105.196,6),(161,'Carichi',27.917,107.055,6),(162,'Casas Grandes',30.25,107.95,6),(163,'Chihuahua',28.151,106.213,6),(164,'Chinipas',27.3362,108.501,6),(165,'Coronado',26.7335,105.138,6),(166,'Coyame Del Sotol',29.4667,105.1,6),(167,'Cuauhtemoc',28.4753,106.632,6),(168,'Cusihuiriachi',28.1189,106.942,6),(169,'Delicias',30.1684,106.444,6),(170,'Dr Belisario Dominguez',28.1709,106.392,6),(171,'El Tule',27.1256,106.344,6),(172,'Galeana',30.1108,107.612,6),(173,'Gomez Farias',29.3588,107.736,6),(174,'Gran Morelos',28.3238,106.658,6),(175,'Guachochi',27.118,107.376,6),(176,'Guadalupe',28.9667,105.017,6),(177,'Guadalupe y Calvo',26.184,107.323,6),(178,'Guazapares',27.3667,108.25,6),(179,'Guerrero',19.4839,99.0737,6),(180,'Hidalgo Del Parral',26.9323,105.667,6),(181,'Huejotitan',27.0566,106.177,6),(182,'Ignacio Zaragoza',29.72,107.817,6),(183,'Janos',30.8284,108.298,6),(184,'Jimenez',27.1407,104.916,6),(185,'Julimes',28.3195,105.384,6),(186,'La Cruz',27.8167,105.167,6),(187,'Lopez',27.0431,105.116,6),(188,'Madera',29.1106,108.079,6),(189,'Maguarichi',27.8589,107.994,6),(190,'Manuel Benavides',28.9351,103.824,6),(191,'Matachi',27.1167,105.6,6),(192,'Matamoros',26.7603,105.586,6),(193,'Meoqui',29.7,104.55,6),(194,'Morelos',26.3571,107.83,6),(195,'Moris',28.1083,108.611,6),(196,'Namiquipa',28.9249,107.507,6),(197,'Nonoava',27.4576,106.702,6),(198,'Nuevo Casas Grandes',30.3645,107.924,6),(199,'Ocampo',28.0326,107.911,6),(200,'Ojinaga',29.3648,104.288,6),(201,'Praxedis G Guerrero',31.3721,106.005,6),(202,'Riva Palacio',28.5546,106.524,6),(203,'Rosales',28.4422,105.612,6),(204,'Rosario',30.1684,106.444,6),(205,'San Francisco de Borja',27.8184,106.617,6),(206,'San Francisco de Conchos',27.5833,105.333,6),(207,'San Francisco Del Oro',26.8197,106.284,6),(208,'Santa Barbara',26.868,105.753,6),(209,'Santa Isabel',28.343,106.366,6),(210,'Satevo',27.8333,106.55,6),(211,'Saucillo',28.0289,105.309,6),(212,'Temosachi',29.1475,107.959,6),(213,'Urique',27.5095,107.847,6),(214,'Uruachi',27.8666,108.215,6),(215,'Valle de Zaragoza',27.5002,105.784,6),(216,'Abasolo',27.1818,-101.427,7),(217,'Acuña',29.2855,-100.891,7),(218,'Arteaga',25.4452,-100.837,7),(219,'Candela',26.8366,-100.667,7),(220,'Castamos',26.4718,-101.122,7),(221,'Cuatro Ciénegas',26.7837,-102.002,7),(222,'Escobedo',27.434,-101.473,7),(223,'Francisco I. Madero',25.9281,-103.287,7),(224,'Frontera',26.9973,-101.492,7),(225,'General Cepeda',25.3631,-101.594,7),(226,'Guerrero',28.3083,-100.377,7),(227,'Hidalgo',27.791,-99.8744,7),(228,'Jimenez',29.0697,-100.675,7),(229,'Ju�rez',27.6069,-100.726,7),(230,'Lamadrid',27.1167,-101.817,7),(231,'Monclova',27.037,-101.36,7),(232,'Morelos',28.4078,-100.885,7),(233,'M�zquiz',27.6821,-101.297,7),(234,'Nadadores',27.0456,-101.689,7),(235,'Nava',28.4212,-100.764,7),(236,'Ocampo',27.3139,-102.397,7),(237,'Parras',25.8313,-101.984,7),(238,'Piedras Negras',28.7833,-100.617,7),(239,'Progreso',27.3809,-101.153,7),(240,'Ramos Arizpe',25.5409,-100.949,7),(241,'Sabinas',27.8868,-101.148,7),(242,'Sacramento',27.0034,-101.725,7),(243,'Saltillo',25.2389,-103.186,7),(244,'San Buenaventura',27.2145,-101.617,7),(245,'San Juan de Sabinas',27.9271,-101.302,7),(246,'San Pedro',25.8091,-103.178,7),(247,'Sierra Mojada',27.2701,-103.693,7),(248,'Torre�n',25.5274,-103.463,7),(249,'Viesca',25.3384,-102.8,7),(250,'Villa Unión',28.2015,-100.777,7),(251,'Zaragoza',28.6628,-101.801,7),(252,'Armeria',18.9362,-103.965,8),(253,'Colima',19.1474,-103.722,8),(254,'Comala',19.3944,-103.731,8),(255,'Coquimatlan',19.2144,-103.932,8),(256,'Ixtlahuacan',19.3691,-104.052,8),(257,'Manzanillo',19.0592,-104.302,8),(258,'Minatitlan',19.3,-104.05,8),(259,'Tecoman',18.9441,-103.921,8),(260,'Villa de Alvarez',19.2888,-103.89,8),(261,'Alvaro Obregon',19.361,-99.2544,9),(262,'Azcapotzalco',19.4735,-99.1562,9),(263,'Benito Juarez',19.395,-99.187,9),(264,'Coyoacan',19.3425,-99.1256,9),(265,'Cuajimalpa de Morelos',19.3323,-99.3253,9),(266,'Gustavo A Madero',19.4853,-99.1065,9),(267,'Iztacalco',19.3967,-99.1233,9),(268,'Iztapalapa',19.3281,-99.0995,9),(269,'La Magdalena Contreras',19.303,-99.2685,9),(270,'Miguel Hidalgo',19.3979,-99.1812,9),(271,'Milpa Alta',19.185,-99.072,9),(272,'Tlahuac',19.2904,-99.0533,9),(273,'Tlalpan',19.2717,-99.2304,9),(274,'Xochimilco',19.2794,-99.1266,9),(275,'Canatlan',24.5228,-104.768,10),(276,'Canelas',25.121,-106.538,10),(277,'Coneto de Comonfort',24.9799,-104.77,10),(278,'Cuencame',24.8625,-103.694,10),(279,'Durango',24.0572,-104.533,10),(280,'El Oro',25.9571,-105.367,10),(281,'General Simon Bolivar',24.728,-103.284,10),(282,'Gomez Palacio',25.8134,-103.577,10),(283,'Guadalupe Victoria',24.263,-103.933,10),(284,'Guanacevi',23.35,-105.25,10),(285,'Inde',25.7488,-105.05,10),(286,'Lerdo',25.5361,-103.521,10),(287,'Mapimi',25.8409,-103.623,10),(288,'Mezquital',22.8302,-104.436,10),(289,'Nazas',25.2253,-104.176,10),(290,'Nombre de Dios',23.8444,-104.186,10),(291,'Nuevo Ideal',24.9097,-104.81,10),(292,'Otaez',24.6999,-105.996,10),(293,'Panuco de Coronado',24.3909,-104.296,10),(294,'Penon Blanco',24.7958,-104.028,10),(295,'Poanas',23.9802,-104.199,10),(296,'Pueblo Nuevo',23.7506,-105.536,10),(297,'Rodeo',25.3129,-104.656,10),(298,'San Bernardo',26.3105,-105.637,10),(299,'San Dimas',23.6464,-105.798,10),(300,'San Juan de Guadalupe',24.8408,-102.783,10),(301,'San Juan del Rio',24.7324,-104.635,10),(302,'San Luis Del Cordero',25.3878,-104.199,10),(303,'San Pedro Del Gallo',25.772,-104.29,10),(304,'Santa Clara',24.5559,-103.477,10),(305,'Santiago Papasquiaro',24.7894,-106.008,10),(306,'Suchil',23.55,-103.933,10),(307,'Tamazula',24.9689,-106.965,10),(308,'Tepehuanes',25.3448,-105.718,10),(309,'Tlahualilo',26.0746,-103.397,10),(310,'Topia',25.2125,-106.57,10),(311,'Vicente Guerrero',23.7363,-103.883,10),(312,'Acambaro',20.1381,-100.699,11),(313,'Apaseo El Alto',20.4626,-100.546,11),(314,'Apaseo El Grande',20.5835,-100.495,11),(315,'Atarjea',21.2715,-99.7206,11),(316,'Celaya',20.5184,-100.817,11),(317,'Comonfort',20.7213,-100.762,11),(318,'Coroneo',20.1777,-100.388,11),(319,'Cortazar',20.4153,-100.837,11),(320,'Cueramaro',20.6267,-101.672,11),(321,'Doctor Mora',21.1682,-100.308,11),(322,'Dolores Hidalgo Cuna de la Independencia Nacional',21.17,-100.93,11),(323,'Guanajuato',21.0778,-101.253,11),(324,'Huanimaro',20.3248,-101.49,11),(325,'Irapuato',20.8172,-101.315,11),(326,'Jaral Del Progreso',20.3716,-101.061,11),(327,'Jerecuaro',20.1497,-100.51,11),(328,'Leon',21.1533,-101.601,11),(329,'Manuel Doblado',20.6716,-101.849,11),(330,'Moroleon',20.1347,-101.185,11),(331,'Penjamo',20.4251,-101.72,11),(332,'Purisima del Rincon',21.0444,-101.797,11),(333,'Romita',20.8751,-101.518,11),(334,'Salamanca',20.5363,-101.204,11),(335,'Salvatierra',20.2149,-100.839,11),(336,'San Diego de la Union',21.3719,-101.012,11),(337,'San Felipe',21.4333,-101.567,11),(338,'San Francisco del Rincon',20.9977,-101.816,11),(339,'San Jose Iturbide',21.0187,-100.42,11),(340,'San Luis de La Paz',21.3164,-100.429,11),(341,'San Miguel de Allende',20.8609,-100.853,11),(342,'Santa Catarina',21.0839,-100.057,11),(343,'Santa Cruz de Juventino Rosas',20.6365,-100.99,11),(344,'Santiago Maravatio',20.1284,-101.029,11),(345,'Silao',20.9704,-101.374,11),(346,'Tarandacuao',20.0194,-100.508,11),(347,'Tarimoro',21.3764,-101.062,11),(348,'Tierra Blanca',21.0368,-100.18,11),(349,'Uriangato',20.1021,-101.151,11),(350,'Valle de Santiago',20.4684,-101.144,11),(351,'Victoria',21.3845,-100.299,11),(352,'Villagran',20.5542,-101.037,11),(353,'Xichu',21.3389,-100.027,11),(354,'Yuriria',20.1579,-101.068,11),(355,'Acapulco de Juarez',17.0106,-99.6623,12),(356,'Acatepec',17.0163,-98.9197,12),(357,'Ahuacuotzingo',17.7137,-98.9359,12),(358,'Ajuchitlan del Progreso',18.1542,-100.5,12),(359,'Alcozauca de Guerrero',17.4609,-98.3852,12),(360,'Alpoyeca',17.6715,-98.5099,12),(361,'Apaxtla',18.1329,-99.9344,12),(362,'Arcelia',18.1403,-100.164,12),(363,'Atenango del Rio',18.1578,-99.1415,12),(364,'Atlamajalcingo Del Monte',17.3117,-98.6056,12),(365,'Atlixtac',17.5311,-99.0363,12),(366,'Atoyac de Alvarez',17.2924,-100.401,12),(367,'Ayutla de los Libres',17.0899,-99.1185,12),(368,'Azoyu',16.6233,-98.7037,12),(369,'Buenavista de Cuellar',18.4589,-99.4128,12),(370,'Chilapa de Alvarez',17.499,-99.1822,12),(371,'Chilpancingo de los Bravo',17.3616,-99.4657,12),(372,'Coahuayutla de Jose Maria Izazaga',18.3167,-101.817,12),(373,'Cocula',18.128,-99.7619,12),(374,'Copala',16.6047,-98.9758,12),(375,'Copalillo',18.0344,-99.0406,12),(376,'Copanatoyac',17.5264,-98.7657,12),(377,'Coyuca de Benitez',17.0502,-99.9427,12),(378,'Coyuca de Catalan',18.3266,-100.702,12),(379,'Cuajinicuilapa',16.4695,-98.414,12),(380,'Cualac',17.75,-98.6667,12),(381,'Cuautepec',16.7115,-98.859,12),(382,'Cuetzala Del Progreso',18.1463,-99.7816,12),(383,'Cutzamala de Pinzon',18.669,-100.567,12),(384,'Eduardo Neri',18.0252,-99.4754,12),(385,'Florencio Villarreal',16.676,-99.1781,12),(386,'General Canuto A Neri',18.4187,-100.074,12),(387,'General Heliodoro Castillo',17.9167,-99.9167,12),(388,'Huamuxtitlan',17.8021,-98.5648,12),(389,'Huitzuco de los Figueroa',18.125,-99.2667,12),(390,'Iguala de La Independencia',18.3408,-99.6525,12),(391,'Igualapa',16.8156,-98.5066,12),(392,'Ixcateopan de Cuauhtemoc',18.4763,-99.7157,12),(393,'Jose Azueta',17.6472,-101.535,12),(394,'Juan R Escudero',17.1548,-99.4036,12),(395,'La Union de Isidoro Montes de Oca',17.8878,-101.728,12),(396,'Leonardo Bravo',17.6577,-99.6761,12),(397,'Malinaltepec',17.2917,-98.6333,12),(398,'Marquelia',16.582,-98.8169,12),(399,'Martir de Cuilapan',17.7941,-99.388,12),(400,'Metlatonoc',17.1937,-98.4085,12),(401,'Mochitlan',17.4727,-99.3713,12),(402,'Olinala',17.8959,-98.7128,12),(403,'Ometepec',16.6964,-98.4117,12),(404,'Pedro Ascencio Alquisiras',16.4667,-98.4167,12),(405,'Petatlan',17.3748,-101.114,12),(406,'Pilcaya',17.9,-99.65,12),(407,'Pungarabato',18.3208,-100.589,12),(408,'Quechultenango',17.4112,-99.2427,12),(409,'San Luis Acatlan',16.8071,-98.735,12),(410,'San Marcos',16.9688,-99.604,12),(411,'San Miguel Totolapan',17.8762,-100.266,12),(412,'Taxco de Alarcon',18.5669,-99.5721,12),(413,'Tecoanapa',16.9876,-99.2611,12),(414,'Tecpan de Galeana',17.2195,-100.63,12),(415,'Teloloapan',18.3663,-99.8736,12),(416,'Tepecoacuilco de Trujano',18.2274,-99.482,12),(417,'Tetipac',18.6477,-99.648,12),(418,'Tixtla de Guerrero',18.3167,-99.8667,12),(419,'Tlacoachistlahuaca',16.8739,-98.4399,12),(420,'Tlacoapa',17.2667,-99.7333,12),(421,'Tlalchapa',18.359,-100.535,12),(422,'Tlalixtaquilla de Maldonado',18.3667,-99.8167,12),(423,'Tlapa de Comonfort',17.605,-98.5893,12),(424,'Tlapehuala',18.2391,-100.536,12),(425,'Xalpatlahuac',17.4153,-98.5289,12),(426,'Xochihuehuetlan',16.9024,-99.8237,12),(427,'Xochistlahuaca',16.7918,-98.2421,12),(428,'Zapotitlan Tablas',17.4203,-98.7815,12),(429,'Zirandaro',18.4778,-100.99,12),(430,'Zitlala',17.6885,-99.1858,12),(431,'Acatlan',20.164,-98.3844,13),(432,'Acaxochitlan',20.1584,-98.2052,13),(433,'Actopan',20.2698,-98.9457,13),(434,'Agua Blanca de Iturbide',20.3444,-98.3746,13),(435,'Ajacuba',20.0919,-99.1222,13),(436,'Alfajayucan',20.4081,-99.3486,13),(437,'Almoloya',19.7041,-98.4037,13),(438,'Apan',19.6977,-98.5464,13),(439,'Atitalaquia',20.0543,-99.2284,13),(440,'Atlapexco',21.0148,-98.3505,13),(441,'Atotonilco de Tula',20.0125,-99.2218,13),(442,'Atotonilco El Grande',20.2848,-98.6644,13),(443,'Calnali',20.8897,-98.6451,13),(444,'Cardonal',20.6136,-99.1175,13),(445,'Chapantongo',20.2843,-99.4644,13),(446,'Chapulhuacan',21.1333,-98.8833,13),(447,'Chilcuautla',20.3925,-99.2302,13),(448,'Cuautepec de Hinojosa',20.0134,-98.2285,13),(449,'El Arenal',20.2214,-98.9104,13),(450,'Eloxochitlan',20.7251,-98.9131,13),(451,'Emiliano Zapata',19.6542,-98.5464,13),(452,'Epazoyucan',20.0202,-98.6355,13),(453,'Huasca de Ocampo',20.2511,-98.5488,13),(454,'Huautla',20.9531,-98.2734,13),(455,'Huazalingo',21.0214,-98.5265,13),(456,'Huehuetla',20.6042,-98.07,13),(457,'Huejutla de Reyes',20.9625,-98.5667,13),(458,'Huichapan',20.4435,-99.6943,13),(459,'Ixmiquilpan',20.4869,-99.214,13),(460,'Jacala de Ledezma',20.9659,-99.2019,13),(461,'Jaltocan',21.135,-98.5082,13),(462,'Juarez Hidalgo',20.822,-98.8145,13),(463,'La Mision',21.1391,-99.0715,13),(464,'Lolotla',20.9086,-98.7159,13),(465,'Metepec',20.2402,-98.3256,13),(466,'Metztitlan',20.6639,-98.676,13),(467,'Mineral de La Reforma',20.0972,-98.7084,13),(468,'Mineral Del Chico',20.2211,-98.7964,13),(469,'Mineral Del Monte',20.1132,-98.6105,13),(470,'Mixquiahuala de Juarez',20.2136,-99.1767,13),(471,'Molango de Escamilla',20.9657,-98.7804,13),(472,'Nicolas Flores',20.7923,-99.1227,13),(473,'Nopala de Villagran',20.2397,-99.7222,13),(474,'Omitlan de Juarez',20.158,-98.6568,13),(475,'Pachuca de Soto',20.7992,-103.471,13),(476,'Pacula',20.9412,-99.2826,13),(477,'Pisaflores',21.2467,-98.9302,13),(478,'Progreso de Obregon',19.3697,-99.2144,13),(479,'San Agustin Metzquititlan',20.4306,-98.631,13),(480,'San Agustin Tlaxiaca',20.1255,-98.9827,13),(481,'San Bartolo Tutotepec',20.3985,-98.2012,13),(482,'San Felipe Orizatlan',21.1634,-98.662,13),(483,'San Salvador',20.2855,-99.0131,13),(484,'Santiago de Anaya',20.4425,-98.9185,13),(485,'Santiago Tulantepec de Lugo Guerrero',20.0136,-98.3823,13),(486,'Singuilucan',20.0333,-98.5333,13),(487,'Tasquillo',20.5561,-99.3289,13),(488,'Tecozautla',20.6175,-99.5038,13),(489,'Tenango de Doria',20.338,-98.2288,13),(490,'Tepeapulco',19.7856,-98.5531,13),(491,'Tepehuacan de Guerrero',20.9739,-98.7772,13),(492,'Tepeji del Rio de Ocampo',19.9679,-99.3903,13),(493,'Tepetitlan',20.189,-99.3817,13),(494,'Tetepango',20.1106,-99.153,13),(495,'Tezontepec de Aldama',20.196,-99.2938,13),(496,'Tianguistengo',20.8275,-98.4687,13),(497,'Tizayuca',19.889,-98.9575,13),(498,'Tlahuelilpan',20.1432,-99.2417,13),(499,'Tlahuiltepa',20.9024,-98.9018,13),(500,'Tlanalapa',19.8181,-98.6032,13),(501,'Tlanchinol',20.9667,-98.6,13),(502,'Tlaxcoapan',20.0949,-99.2424,13),(503,'Tolcayuca',19.8972,-98.9056,13),(504,'Tula de Allende',20.1212,-99.3442,13),(505,'Tulancingo de Bravo',20.1654,-98.3488,13),(506,'Villa de Tezontepec',19.8897,-98.8059,13),(507,'Xochiatipan',20.8211,-98.2863,13),(508,'Xochicoatlan',20.7798,-98.6789,13),(509,'Yahualica',20.9534,-98.3807,13),(510,'Zacualtipan de Angeles',20.65,-98.6,13),(511,'Zapotlan de Juarez',20.0218,-98.8498,13),(512,'Zempoala',19.8898,-98.6572,13),(513,'Zimapan',20.7367,-99.3825,13),(514,'Acatic',20.773,-102.91,14),(515,'Acatlan de Juarez',20.4215,-103.593,14),(516,'Ahualulco de Mercado',20.6938,-103.971,14),(517,'Amacueca',20.0111,-103.599,14),(518,'Amatitan',20.9,-103.717,14),(519,'Ameca',20.5476,-104.046,14),(520,'Arandas',20.9167,-102.317,14),(521,'Atemajac de Brizuela',20.1431,-103.727,14),(522,'Atengo',20.2602,-104.304,14),(523,'Atenguillo',20.3371,-104.537,14),(524,'Atotonilco El Alto',20.4934,-102.462,14),(525,'Atoyac',20.0087,-103.52,14),(526,'Autlan de Navarro',19.7786,-104.366,14),(527,'Ayotlan',20.4975,-102.289,14),(528,'Ayutla',20.1287,-104.346,14),(529,'Bolanos',21.6935,-103.815,14),(530,'Cabo Corrientes',20.3008,-105.622,14),(531,'Canadas de Obregon',21.1624,-102.684,14),(532,'Casimiro Castillo',19.6068,-104.439,14),(533,'Chapala',20.3002,-103.264,14),(534,'Chimaltitan',21.5635,-103.805,14),(535,'Chiquilistlan',20.0833,-103.85,14),(536,'Cihuatlan',19.203,-104.684,14),(537,'Colotlan',21.9611,-103.33,14),(538,'Concepcion de Buenos Aires',19.9783,-103.261,14),(539,'Cuautitlan de Garcia Barragan',19.439,-104.171,14),(540,'Cuautla',20.1416,-104.659,14),(541,'Cuquio',20.8599,-102.976,14),(542,'Degollado',20.4807,-102.084,14),(543,'Ejutla',19.8833,-104.1,14),(544,'El Grullo',19.7814,-104.17,14),(545,'El Limon',19.8253,-104.155,14),(546,'El Salto',20.5497,-103.312,14),(547,'Encarnacion de Diaz',21.6018,-102.258,14),(548,'Etzatlan',20.7673,-104.08,14),(549,'Guachinango',20.9212,-104.614,14),(550,'Guadalajara',20.6766,-103.346,14),(551,'Hostotipaquillo',21.0353,-103.933,14),(552,'Huejucar',22.2951,-103.158,14),(553,'Huejuquilla El Alto',22.6563,-103.961,14),(554,'Ixtlahuacan de los Membrillos',20.3932,-103.144,14),(555,'Ixtlahuacan del Rio',21.1,-102.933,14),(556,'Jalostotitlan',21.1664,-102.466,14),(557,'Jamay',20.2939,-102.709,14),(558,'Jilotlan de los Dolores',19.3705,-103.02,14),(559,'Jocotepec',20.2918,-103.404,14),(560,'Juanacatlan',20.5084,-103.168,14),(561,'Juchitlan',20.1067,-104.04,14),(562,'La Barca',20.2908,-102.546,14),(563,'La Huerta',19.4803,-104.652,14),(564,'La Manzanilla de La Paz',20.0042,-103.154,14),(565,'Lagos de Moreno',21.4809,-101.8,14),(566,'Magdalena',20.9084,-103.98,14),(567,'Mascota',20.4975,-104.74,14),(568,'Mazamitla',19.9143,-103.02,14),(569,'Mexticacan',21.1845,-102.809,14),(570,'Mezquitic',22.4888,-103.756,14),(571,'Mixtlan',20.5303,-104.524,14),(572,'Ocotlan',20.3032,-102.763,14),(573,'Ojuelos de Jalisco',21.8414,-101.818,14),(574,'Pihuamo',19.1333,-103.45,14),(575,'Poncitlan',20.3823,-102.824,14),(576,'Puerto Vallarta',20.6638,-105.206,14),(577,'Quitupan',19.8088,-102.819,14),(578,'San Cristobal de la Barranca',21.0031,-103.421,14),(579,'San Diego de Alejandria',20.5833,-103.033,14),(580,'San Gabriel',19.6704,-103.779,14),(581,'San Ignacio Cerro Gordo',20.8,-102.55,14),(582,'San Juan de los Lagos',21.2977,-102.176,14),(583,'San Juanito de Escobedo',20.7989,-104.001,14),(584,'San Julian',20.4833,-102.517,14),(585,'San Martin de Bolanos',21.533,-103.759,14),(586,'San Martin Hidalgo',20.5691,-103.846,14),(587,'San Miguel El Alto',21.01,-102.305,14),(588,'San Sebastian del Oeste',20.9513,-104.739,14),(589,'Santa Maria de los Angeles',22.1736,-103.225,14),(590,'Santa Maria del Oro',19.4954,-102.905,14),(591,'Sayula',19.8667,-103.55,14),(592,'Tala',20.5727,-103.698,14),(593,'Talpa de Allende',20.5051,-104.879,14),(594,'Tamazula de Gordiano',19.6861,-103.267,14),(595,'Tapalpa',19.9444,-103.758,14),(596,'Tecalitlan',19.0835,-103.103,14),(597,'Techaluta de Montenegro',20.0739,-103.552,14),(598,'Tecolotlan',20.35,-104.017,14),(599,'Tenamaxtlan',20.0958,-104.154,14),(600,'Teocaltiche',21.5463,-102.667,14),(601,'Teocuitatlan de Corona',20.092,-103.378,14),(602,'Tepatitlan de Morelos',20.8257,-102.599,14),(603,'Tequila',20.8667,-104.717,14),(604,'Teuchitlan',20.6311,-103.893,14),(605,'Tizapan el Alto',20.1202,-103.145,14),(606,'Tlajomulco de Zuniga',20.4696,-103.454,14),(607,'Tlaquepaque',20.6383,-103.308,14),(608,'Toliman',19.6127,-103.773,14),(609,'Tomatlan',20.1778,-105.134,14),(610,'Tonaya',19.8,-104.017,14),(611,'Tonila',19.4475,-103.569,14),(612,'Totatiche',21.944,-103.524,14),(613,'Tototlan',20.4857,-102.734,14),(614,'Tuxcacuesco',19.7368,-103.905,14),(615,'Tuxcueca',20.1521,-103.186,14),(616,'Tuxpan',19.3893,-103.388,14),(617,'Union de San Antonio',21.1284,-102.006,14),(618,'Union de Tula',19.991,-104.21,14),(619,'Valle de Guadalupe',21.0112,-102.616,14),(620,'Valle de Juarez',20.85,-103.117,14),(621,'Villa Corona',20.3515,-103.673,14),(622,'Villa Guerrero',21.9853,-103.592,14),(623,'Villa Hidalgo',21.7,-102.623,14),(624,'Villa Purificacion',19.9167,-104.567,14),(625,'Yahualica de Gonzalez Gallo',21.1,-102.933,14),(626,'Zacoalco de Torres',20.2277,-103.571,14),(627,'Zapopan',20.6055,-103.432,14),(628,'Zapotiltic',19.6262,-103.417,14),(629,'Zapotitlan de Vadillo',19.5105,-103.752,14),(630,'Zapotlan del Rey',20.4167,-102.888,14),(631,'Zapotlan el Grande',19.7086,-103.576,14),(632,'Zapotlanejo',20.6238,-103.067,14),(633,'Acambay',19.9539,-99.8431,15),(634,'Acolman',19.6415,-98.8814,15),(635,'Aculco',20.0982,-99.8281,15),(636,'Almoloya de Alquisiras',18.55,-100.308,15),(637,'Almoloya de Juarez',19.3731,-99.8348,15),(638,'Almoloya-del-Rio',19.1586,-99.4886,15),(639,'Amanalco',19.8639,-99.7122,15),(640,'Amatepec',18.6756,-100.243,15),(641,'Amecameca',19.1167,-98.7555,15),(642,'Apaxco',19.5633,-99.3156,15),(643,'Atenco',19.4473,-98.9445,15),(644,'Atizapan',19.1756,-99.4886,15),(645,'Atizapan de Zaragoza',19.5939,-99.2503,15),(646,'Atlacomulco',19.801,-99.8767,15),(647,'Atlautla',19.0276,-98.7809,15),(648,'Axapusco',19.7456,-98.6896,15),(649,'Ayapango',19.1277,-98.8035,15),(650,'Calimaya',19.1656,-99.6178,15),(651,'Capulhuac',19.2126,-99.4463,15),(652,'Chalco',19.2668,-98.8959,15),(653,'Chapa de Mota',19.8475,-99.4733,15),(654,'Chapultepec',19.2008,-99.5618,15),(655,'Chiautla',19.5333,-98.8833,15),(656,'Chicoloapan',19.3953,-98.933,15),(657,'Chiconcuac',19.56,-98.8997,15),(658,'Chimalhuacan',19.4375,-98.9542,15),(659,'Coacalco de Berriozabal',19.6315,-99.1072,15),(660,'Coatepec Harinas',18.9052,-99.7873,15),(661,'Cocotitlan',19.2332,-98.865,15),(662,'Coyotepec',19.7746,-99.2167,15),(663,'Cuautitlan',19.6724,-99.1761,15),(664,'Cuautitlan Izcalli',19.6334,-99.204,15),(665,'Donato Guerra',19.3494,-100.194,15),(666,'Ecatepec de Morelos',19.5113,-99.0267,15),(667,'Ecatzingo',18.9558,-98.7528,15),(668,'Huehuetoca',19.8489,-99.202,15),(669,'Hueypoxtla',19.9355,-99.0542,15),(670,'Huixquilucan',19.3579,-99.3456,15),(671,'Isidro Fabela',19.6527,-99.2159,15),(672,'Ixtapaluca',19.3169,-98.8946,15),(673,'Ixtapan de La Sal',18.8438,-99.6755,15),(674,'Ixtapan Del Oro',19.2477,-100.294,15),(675,'Ixtlahuaca',19.5609,-99.7653,15),(676,'Jaltenco',19.7437,-99.0899,15),(677,'Jilotepec',19.9794,-99.607,15),(678,'Jilotzingo',19.8699,-99.0565,15),(679,'Jiquipilco',19.5574,-99.6068,15),(680,'Jocotitlan',19.5092,-99.0834,15),(681,'Joquicingo',19.0227,-99.479,15),(682,'Juchitepec',19.0967,-98.8704,15),(683,'Lerma',19.315,-99.5728,15),(684,'Luvianos',18.9217,-100.299,15),(685,'Malinalco',20.0333,-99.6833,15),(686,'Melchor Ocampo',19.715,-99.1346,15),(687,'Mexicaltzingo',19.345,-99.1041,15),(688,'Naucalpan de Juarez',19.4753,-99.2378,15),(689,'Nextlalpan',19.739,-99.0684,15),(690,'Nezahualcoyotl',19.408,-99.0049,15),(691,'Nicolas Romero',19.6073,-99.3227,15),(692,'Nopaltepec',19.7819,-98.7125,15),(693,'Ocoyoacac',19.2717,-99.4612,15),(694,'Ocuilan',18.9473,-99.3341,15),(695,'Otumba',19.6983,-98.7489,15),(696,'Otzoloapan',19.0973,-100.285,15),(697,'Otzolotepec',19.3646,-99.6081,15),(698,'Ozumba',19.31,-99.0446,15),(699,'Papalotla',19.5625,-98.8579,15),(700,'Polotitlan',20.2407,-99.8636,15),(701,'San Antonio La Isla',19.1635,-99.5686,15),(702,'San Felipe Del Progreso',19.5815,-100.023,15),(703,'San Jose del Rincon',18.8946,-96.941,15),(704,'San Martin de las Piramides',18.9,-99.7167,15),(705,'San Mateo Atenco',19.2922,-99.5905,15),(706,'San Simon de Guerrero',19.0123,-100.044,15),(707,'Santo Tomas',18.8441,-100.018,15),(708,'Soyaniquilpan de Juarez',19.9833,-99.5,15),(709,'Sultepec',18.4877,-100.15,15),(710,'Tecamac',19.7149,-98.9674,15),(711,'Tejupilco',18.8369,-100.268,15),(712,'Temamatla',19.1993,-98.8598,15),(713,'Temascalapa',19.8258,-98.9001,15),(714,'Temascalcingo',19.9474,-100.003,15),(715,'Temascaltepec',19.05,-100.013,15),(716,'Temoaya',19.4664,-99.5946,15),(717,'Tenancingo',18.9595,-99.5924,15),(718,'Tenango Del Aire',19.1405,-98.8457,15),(719,'Tenango Del Valle',19.0712,-99.6076,15),(720,'Teoloyucan',19.7456,-99.1841,15),(721,'Teotihuacan',19.6833,-98.8667,15),(722,'Tepetlaoxtoc',19.582,-98.8403,15),(723,'Tepetlixpa',18.9817,-98.841,15),(724,'Tepotzotlan',19.7062,-99.2391,15),(725,'Tequixquiac',19.9037,-99.1422,15),(726,'Texcaltitlan',18.9195,-99.9453,15),(727,'Texcalyacac',19.1316,-99.5003,15),(728,'Texcoco',19.3841,-99.0216,15),(729,'Tezoyuca',19.5915,-98.9141,15),(730,'Tianguistenco',19.4902,-99.0298,15),(731,'Timilpan',19.8617,-99.7003,15),(732,'Tlalmanalco',19.2058,-98.8022,15),(733,'Tlalnepantla de Baz',19.5386,-99.1987,15),(734,'Tlatlaya',18.6159,-100.208,15),(735,'Toluca',19.356,-99.7005,15),(736,'Tonanitla',19.6867,-99.051,15),(737,'Tonatico',18.8028,-99.67,15),(738,'Tultepec',19.6807,-99.1337,15),(739,'Tultitlan',19.6432,-99.1647,15),(740,'Valle de Bravo',19.1602,-100.134,15),(741,'Valle de Chalco Solidaridad',19.283,-98.9538,15),(742,'Villa de Allende',19.3925,-100.045,15),(743,'Villa del Carbon',19.7223,-99.4616,15),(744,'Villa Victoria',19.5917,-100.16,15),(745,'Xalatlaco',19.1796,-99.416,15),(746,'Xonacatlan',19.551,-99.2644,15),(747,'Zacazonapan',19.0592,-100.283,15),(748,'Zacualpan',18.8112,-99.7844,15),(749,'Zinacantepec',19.2462,-99.7604,15),(750,'Zumpahuacan',18.8346,-99.5815,15),(751,'Zumpango',19.8061,-99.041,15),(752,'Acuitzio',19.4948,-101.333,16),(753,'Aguililla',18.8068,-102.927,16),(754,'Alvaro Obregon',19.8545,-101.047,16),(755,'Angamacutiro',20.1494,-101.712,16),(756,'Angangueo',19.6088,-100.295,16),(757,'Apatzingan',18.85,-102.502,16),(758,'Aporo',19.6688,-100.408,16),(759,'Aquila',18.5979,-103.503,16),(760,'Ario',19.1678,-101.668,16),(761,'Brisenas',20.2731,-102.561,16),(762,'Buenavista',19.2319,-102.707,16),(763,'Caracuaro',18.9441,-101.141,16),(764,'Charapan',19.6506,-102.249,16),(765,'Charo',19.6034,-100.988,16),(766,'Chavinda',20.0048,-102.46,16),(767,'Cheran',19.7667,-101.968,16),(768,'Chilchota',19.8494,-102.073,16),(769,'Chinicuila',18.5135,-103.42,16),(770,'Chucandiro',19.9,-101.333,16),(771,'Churintzio',20.1503,-102.065,16),(772,'Churumuco',18.5383,-101.489,16),(773,'Coahuayana',18.8496,-103.621,16),(774,'Coalcoman de Vazquez Pallares',18.5337,-102.992,16),(775,'Coeneo',19.9,-100.167,16),(776,'Cojumatlan de Regules',20.16,-102.899,16),(777,'Contepec',19.8996,-100.174,16),(778,'Copandaro',19.8819,-101.195,16),(779,'Cotija',19.7494,-102.621,16),(780,'Cuitzeo',20.001,-101.165,16),(781,'Ecuandureo',20.1615,-102.195,16),(782,'Epitacio Huerta',20.1343,-100.293,16),(783,'Erongaricuaro',19.5554,-101.695,16),(784,'Gabriel Zamora',19.2639,-102.067,16),(785,'Huandacareo',19.9626,-101.225,16),(786,'Huaniqueo',19.8949,-101.581,16),(787,'Huetamo',18.5309,-100.861,16),(788,'Huiramba',19.5423,-101.459,16),(789,'Indaparapeo',19.7564,-100.903,16),(790,'Irimbo',19.1167,-100.583,16),(791,'Ixtlan',20.1639,-102.387,16),(792,'Jacona',19.9489,-102.308,16),(793,'Jiquilpan',19.9833,-102.85,16),(794,'Jose Sixto Verduzco',20.212,-101.608,16),(795,'Jungapeo',19.4923,-100.493,16),(796,'La Huacana',18.9716,-101.762,16),(797,'La Piedad',20.3085,-102.012,16),(798,'Lagunillas',19.5622,-101.415,16),(799,'Lazaro Cardenas',18.2272,-103.127,16),(800,'Los Reyes',19.6512,-102.423,16),(801,'Madero',19.2818,-101.339,16),(802,'Maravatio',19.837,-100.567,16),(803,'Marcos Castellanos',19.6781,-101.231,16),(804,'Morelia',19.6995,-101.264,16),(805,'Mugica',19.0333,-102.183,16),(806,'Nahuatzen',19.5956,-101.967,16),(807,'Nocupetaro',19.0477,-101.155,16),(808,'Nuevo Parangaricutiro',19.4039,-102.12,16),(809,'Nuevo Urecho',19.8167,-101.133,16),(810,'Numaran',20.2479,-101.938,16),(811,'Pajacuaran',20.1189,-102.566,16),(812,'Panindicuaro',19.9831,-101.761,16),(813,'Paracho',19.6654,-102.073,16),(814,'Paracuaro',19.0687,-102.249,16),(815,'Patzcuaro',19.35,-102.233,16),(816,'Penjamillo',20.1995,-101.807,16),(817,'Periban',19.5551,-102.399,16),(818,'Purepero',19.938,-102.001,16),(819,'Puruandiro',20.0416,-101.477,16),(820,'Querendaro',19.7883,-100.868,16),(821,'Quiroga',19.6504,-101.495,16),(822,'Sahuayo',19.5418,-103.316,16),(823,'Salvador Escalante',19.7105,-101.187,16),(824,'Santa Ana Maya',19.0525,-101.775,16),(825,'Senguio',19.7344,-100.352,16),(826,'Susupuato',19.29,-100.356,16),(827,'Tacambaro',19.2258,-101.457,16),(828,'Tancitaro',19.3288,-102.284,16),(829,'Tangamandapio',19.9667,-102.45,16),(830,'Tangancicuaro',19.8066,-102.285,16),(831,'Tangancicuaro',19.8066,-102.285,16),(832,'Tanhuato',20.2333,-102.233,16),(833,'Taretan',19.2807,-101.872,16),(834,'Tarimbaro',19.7938,-101.177,16),(835,'Tepalcatepec',19.1879,-102.843,16),(836,'Tingambato',19.4699,-101.853,16),(837,'Tinguindin',19.8602,-102.549,16),(838,'Tiquicheo de Nicolas Romero',18.9671,-100.634,16),(839,'Tlalpujahua',19.7349,-100.093,16),(840,'Tlazazalca',19.9876,-101.963,16),(841,'Tocumbo',19.7842,-102.581,16),(842,'Tumbiscatio',18.8215,-102.254,16),(843,'Turicato',18.7179,-101.424,16),(844,'Tuzantla',19.2148,-100.498,16),(845,'Tzintzuntzan',19.6204,-101.503,16),(846,'Tzitzio',19.5858,-100.923,16),(847,'Uruapan',19.5458,-102.225,16),(848,'Villamar',20.0067,-102.529,16),(849,'Vista Hermosa',20.3278,-102.461,16),(850,'Yurecuaro',20.2533,-102.235,16),(851,'Zacapu',19.777,-101.761,16),(852,'Zamora',20.004,-102.216,16),(853,'Zinaparo',20.1223,-101.981,16),(854,'Zinapecuaro',19.9086,-100.821,16),(855,'Ziracuaretiro',19.4357,-101.929,16),(856,'Zitacuaro',19.3427,-100.344,16),(857,'Amacuzac',18.5988,-99.3692,17),(858,'Atlatlahucan',18.9314,-98.8991,17),(859,'Axochiapan',18.4982,-98.7517,17),(860,'Ayala',18.7663,-98.9842,17),(861,'Coatlan del Rio',18.6799,-99.4639,17),(862,'Cuernavaca',18.9431,-99.3087,17),(863,'Huitzilac',19.0537,-99.2413,17),(864,'Jantetelco',18.7157,-98.7967,17),(865,'Jiutepec',18.913,-99.2001,17),(866,'Jojutla',18.6249,-99.1835,17),(867,'Jonacatepec',18.6805,-98.8037,17),(868,'Mazatepec',18.7255,-99.3628,17),(869,'Miacatlan',18.7289,-99.3262,17),(870,'Ocuituco',18.8777,-98.7739,17),(871,'Puente de Ixtla',18.6843,-99.2461,17),(872,'Temixco',18.8972,-99.2305,17),(873,'Temoac',18.7431,-98.769,17),(874,'Tepalcingo',18.6502,-98.8314,17),(875,'Tepoztlan',18.9333,-98.8167,17),(876,'Tetecala',18.7318,-99.4082,17),(877,'Tetela del Volcan',18.8926,-98.7301,17),(878,'Tlalnepantla',19.0095,-98.9983,17),(879,'Tlaltizapan',18.693,-99.1175,17),(880,'Tlaquiltenango',18.4622,-98.975,17),(881,'Tlayacapan',18.9543,-98.9839,17),(882,'Totolapan',18.9935,-98.9324,17),(883,'Xochitepec',18.8436,-99.208,17),(884,'Yautepec',18.9029,-99.0339,17),(885,'Yecapixtla',18.9477,-98.8271,17),(886,'Zacatepec de Hidalgo',18.6412,-99.2114,17),(887,'Zacualpan de Amilpas',18.7865,-98.7669,17),(888,'Acaponeta',22.4895,-105.361,18),(889,'Ahuacatlan',21.0579,-104.486,18),(890,'Amatlan de Canas',20.7678,-104.319,18),(891,'Bahia de Banderas',20.92,-105.03,18),(892,'Compostela',21.0834,-105.147,18),(893,'Del Nayar',22.2667,-104.583,18),(894,'Huajicori',22.8159,-105.305,18),(895,'Ixtlan del Rio',21.1159,-104.261,18),(896,'Jala',21.2121,-104.27,18),(897,'La Yesca',21.3888,-104.135,18),(898,'Rosamorada',22.122,-105.206,18),(899,'Ruiz',21.9167,-104.95,18),(900,'San Blas',21.5413,-105.284,18),(901,'San Pedro Lagunillas',21.0818,-104.73,18),(902,'Santiago Ixcuintla',21.8682,-105.075,18),(903,'Tecuala',22.3987,-105.454,18),(904,'Tepic',21.6911,-105.088,18),(905,'Xalisco',21.3333,-104.933,18),(906,'Agualeguas',26.3126,-99.5388,19),(907,'Anahuac',27.2421,-100.133,19),(908,'Apodaca',25.7775,-100.183,19),(909,'Aramberri',24.0996,-99.8168,19),(910,'Bustamante',26.5296,-100.502,19),(911,'Cadereyta Jimenez',25.3591,-99.9849,19),(912,'Cerralvo',26.0878,-99.6133,19),(913,'China',25.7078,-99.2353,19),(914,'Cienega de Flores',25.9582,-100.165,19),(915,'Dr Arroyo',23.773,-100.088,19),(916,'Dr Coss',25.8793,-99.1758,19),(917,'Dr Gonzalez',25.8585,-99.9422,19),(918,'Garcia',25.8089,-100.598,19),(919,'General Bravo',25.7926,-99.1786,19),(920,'General Escobedo',25.804,-100.317,19),(921,'General Teran',25.2565,-99.6846,19),(922,'General Trevino',26.2183,-99.4835,19),(923,'General Zaragoza',25.8025,-100.391,19),(924,'General Zuazua',25.8966,-100.107,19),(925,'Higueras',25.9548,-100.014,19),(926,'Hualahuises',24.85,-99.6833,19),(927,'Iturbide',24.4854,-99.817,19),(928,'Lampazos de Naranjo',25.4178,-99.9736,19),(929,'Linares',24.7246,-99.4722,19),(930,'Los Aldamas',25.9309,-99.3,19),(931,'Los Herreras',25.8661,-99.475,19),(932,'Los Ramones',25.6053,-99.7319,19),(933,'Marin',25.825,-100.015,19),(934,'Mier y Noriega',23.4501,-100.214,19),(935,'Mina',26.0003,-100.538,19),(936,'Montemorelos',25.2659,-100.007,19),(937,'Monterrey',25.6769,-100.314,19),(938,'Paras',25.1,-99.0167,19),(939,'Pesqueria',25.7364,-100.081,19),(940,'Rayones',25.0244,-100.109,19),(941,'Sabinas Hidalgo',26.3463,-99.94,19),(942,'Salinas Victoria',25.9639,-100.294,19),(943,'San Nicolas de los Garza',25.747,-100.295,19),(944,'San Pedro Garza Garcia',25.6632,-100.403,19),(945,'Santiago',24.9333,-100.233,19),(946,'Vallecillo',26.8933,-99.7273,19),(947,'Villaldama',23.8333,-100.15,19),(948,'Abejones',17.4369,-96.6015,20),(949,'Acatlan de Perez Figueroa',18.5333,-96.6167,20),(950,'Animas Trujano',16.9947,-96.7133,20),(951,'Asuncion Cacalotepec',17.0364,-95.958,20),(952,'Asuncion Cuyotepeji',17.9286,-97.6755,20),(953,'Asuncion Ixtaltepec',16.5033,-95.0551,20),(954,'Asuncion Nochixtlan',17.5265,-97.2227,20),(955,'Asuncion Ocotlan',16.7619,-96.7207,20),(956,'Asuncion Tlacolulita',16.2995,-95.7259,20),(957,'Ayoquezco de Aldama',16.6815,-96.8438,20),(958,'Ayotzintepec',17.67,-96.13,20),(959,'Calihuala',17.5833,-98.1667,20),(960,'Candelaria Loxicha',15.9254,-96.4902,20),(961,'Capulalpam de Mendez',17.306,-96.4457,20),(962,'Chahuites',16.2886,-94.1956,20),(963,'Chalcatongo de Hidalgo',16.9833,-96.5833,20),(964,'Chiquihuitlan de Benito Juarez',17.9833,-96.8,20),(965,'Cienega de Zimatlan',16.8929,-96.7691,20),(966,'Ciudad Ixtepec',16.5628,-95.1,20),(967,'Coatecas Altas',16.5378,-96.6679,20),(968,'Coicoyan de las Flores',17.2901,-98.2482,20),(969,'Concepcion Buenavista',17.8785,-97.3998,20),(970,'Concepcion Papalo',17.8325,-96.8518,20),(971,'Constancia Del Rosario',17.0387,-97.9429,20),(972,'Cosolapa',18.6061,-96.6607,20),(973,'Cosoltepec',18.1427,-97.7907,20),(974,'Cuilapam de Guerrero',16.9967,-96.7815,20),(975,'Cuyamecalco Villa de Zaragoza',17.9522,-96.8474,20),(976,'El Barrio de La Soledad',16.7458,-95.071,20),(977,'El Espinal',16.4847,-95.0417,20),(978,'Eloxochitlan de Flores Magon',18.1833,-96.8667,20),(979,'Fresnillo de Trujano',17.9076,-98.134,20),(980,'Guadalupe de Ramirez',17.7527,-98.1654,20),(981,'Guadalupe Etla',17.171,-96.8082,20),(982,'Guelatao de Juarez',17.3174,-96.4951,20),(983,'Guevea de Humboldt',17.1367,-96.8125,20),(984,'Heroica Ciudad de Ejutla de Crespo',16.4951,-96.737,20),(985,'Heroica Ciudad de Huajuapan de Leon',17.8048,-97.7808,20),(986,'Heroica Ciudad de Tlaxiaco',17.1983,-97.7706,20),(987,'Huautepec',16.5625,-96.0311,20),(988,'Huautla de Jimenez',18.1637,-96.7544,20),(989,'Ixpantepec Nieves',17.5077,-98.0443,20),(990,'Ixtlan de Juarez',17.3253,-96.4739,20),(991,'Juchitan de Zaragoza',16.2972,-95.0876,20),(992,'La Compania',16.5746,-96.7955,20),(993,'La Pe',16.6058,-96.7785,20),(994,'La Reforma',16.7375,-97.8751,20),(995,'La Trinidad Vista Hermosa',17.7709,-97.5051,20),(996,'Loma Bonita',18.1074,-95.8798,20),(997,'Magdalena Apasco',17.2407,-96.8219,20),(998,'Magdalena Jaltepec',17.3226,-97.1735,20),(999,'Magdalena Mixtepec',16.8961,-96.9068,20),(1000,'Magdalena Ocotlan',16.7024,-96.678,20),(1001,'Magdalena Penasco',17.2358,-97.5518,20),(1002,'Magdalena Teitipac',16.9063,-96.5585,20),(1003,'Magdalena Tequisistlan',16.3967,-95.6016,20),(1004,'Magdalena Tlacotepec',16.5259,-95.1813,20),(1005,'Magdalena Yodocono de Porfirio Diaz',17.3852,-97.3527,20),(1006,'Magdalena Zahuatlan',17.3948,-97.2187,20),(1007,'Mariscala de Juarez',17.8562,-98.1854,20),(1008,'Martires de Tacubaya',16.5732,-98.2236,20),(1009,'Matias Romero Avendano',17.0908,-94.8833,20),(1010,'Mazatlan Villa de Flores',18.0614,-96.8481,20),(1011,'Mesones Hidalgo',16.8462,-97.9873,20),(1012,'Miahuatlan de Porfirio Diaz',16.4716,-96.7321,20),(1013,'Mixistlan de la Reforma',17.165,-96.0932,20),(1014,'Monjas',16.3675,-96.6364,20),(1015,'Natividad',17.297,-96.4299,20),(1016,'Nazareno Etla',17.1768,-96.8279,20),(1017,'Nejapa de Madero',16.5564,-96.0294,20),(1018,'Nuevo Zoquiapam',18.2586,-96.8102,20),(1019,'Oaxaca de Juarez',17.1187,-96.7607,20),(1020,'Ocotlan de Morelos',16.7228,-96.7912,20),(1021,'Pinotepa de Don Luis',16.5467,-96.1592,20),(1022,'Pluma Hidalgo',15.9258,-96.42,20),(1023,'Putla Villa de Guerrero',16.8,-97.7833,20),(1024,'Reforma de Pineda',17.45,-95.5333,20),(1025,'Reyes Etla',17.2031,-96.8143,20),(1026,'Rojas de Cuauhtemoc',17.0046,-96.6182,20),(1027,'Salina Cruz',16.1863,-95.1925,20),(1028,'San Agustin Amatengo',16.5106,-96.7911,20),(1029,'San Agustin Atenango',17.6113,-98.0147,20),(1030,'San Agustin Chayuco',16.4018,-97.8083,20),(1031,'San Agustin de las Juntas',17.0084,-96.7089,20),(1032,'San Agustin Etla',17.1912,-96.7703,20),(1033,'San Agustin Loxicha',15.9582,-96.5599,20),(1034,'San Agustin Tlacotepec',17.2078,-97.5173,20),(1035,'San Agustin Yatareni',17.0625,-96.6555,20),(1036,'San Andres Cabecera Nueva',16.8876,-97.6746,20),(1037,'San Andres Dinicuiti',17.6931,-97.7261,20),(1038,'San Andres Huaxpaltepec',16.361,-97.8914,20),(1039,'San Andres Huayapam',17.1015,-96.6655,20),(1040,'San Andres Ixtlahuaca',17.0441,-96.7949,20),(1041,'San Andres Lagunas',17,-97.95,20),(1042,'San Andres Nuxino',17.2333,-97.0333,20),(1043,'San Andres Paxtlan',16.5667,-94.8167,20),(1044,'San Andres Sinaxtla',17.4667,-97.2833,20),(1045,'San Andres Solaga',17.2833,-96.2167,20),(1046,'San Andres Teotilalpam',17.9853,-96.518,20),(1047,'San Andres Tepetlapa',17.6167,-98.3833,20),(1048,'San Andres Yaa',17.2833,-96.15,20),(1049,'San Andres Zabache',16.6024,-96.8596,20),(1050,'San Andres Zautla',17.1873,-96.8339,20),(1051,'San Antonino Castillo Velasco',16.7997,-96.6814,20),(1052,'San Antonino El Alto',16.8159,-97.0291,20),(1053,'San Antonino Monte Verde',17.0563,-96.7114,20),(1054,'San Antonio Acutla',17.7444,-97.5013,20),(1055,'San Antonio de La Cal',17.0234,-96.7035,20),(1056,'San Antonio Huitepec',16.9267,-97.1458,20),(1057,'San Antonio Nanahuatipam',18.1304,-97.124,20),(1058,'San Antonio Sinicahua',17.1518,-97.5687,20),(1059,'San Antonio Tepetlapa',16.5429,-98.0655,20),(1060,'San Baltazar Chichicapam',16.7633,-96.4889,20),(1061,'San Baltazar Loxicha',16.0711,-96.8,20),(1062,'San Baltazar Yatzachi El Bajo',17.2185,-96.2089,20),(1063,'San Bartolo Coyotepec',16.9095,-96.7266,20),(1064,'San Bartolo Soyaltepec',17.6089,-97.2744,20),(1065,'San Bartolo Yautepec',16.4273,-95.9746,20),(1066,'San Bartolome Ayautla',18.0192,-96.7442,20),(1067,'San Bartolome Loxicha',15.9667,-96.7167,20),(1068,'San Bartolome Quialana',16.9019,-96.5013,20),(1069,'San Bartolome Yucuane',17.2333,-97.45,20),(1070,'San Bartolome Zoogocho',17.2382,-96.2415,20),(1071,'San Bernardo Mixtepec',16.8598,-96.9863,20),(1072,'San Blas Atempa',16.313,-95.0993,20),(1073,'San Carlos Yautepec',17.1367,-96.8125,20),(1074,'San Cristobal Amatlan',16.2821,-96.3662,20),(1075,'San Cristobal Amoltepec',17.3136,-97.1658,20),(1076,'San Cristobal Lachirioag',16.8044,-96.3881,20),(1077,'San Cristobal Suchixtlahuaca',17.7268,-97.367,20),(1078,'San Dionisio Del Mar',16.3217,-94.7569,20),(1079,'San Dionisio Ocotepec',16.795,-96.3046,20),(1080,'San Dionisio Ocotlan',16.7484,-96.6636,20),(1081,'San Esteban Atatlahuca',17.0532,-97.6695,20),(1082,'San Felipe Jalapa de Diaz',18.0636,-96.4874,20),(1083,'San Felipe Tejalapam',17.0714,-96.8771,20),(1084,'San Felipe Usila',16.3333,-95.2667,20),(1085,'San Francisco Cahuacua',16.8886,-97.2955,20),(1086,'San Francisco Cajonos',17.172,-96.25,20),(1087,'San Francisco Chapulapa',17.9511,-96.7385,20),(1088,'San Francisco Chindua',17.4292,-97.3116,20),(1089,'San Francisco Del Mar',16.3383,-94.5147,20),(1090,'San Francisco Huehuetlan',18.1897,-96.9459,20),(1091,'San Francisco Ixhuatan',16.2817,-94.5256,20),(1092,'San Francisco Jaltepetongo',17.386,-97.2635,20),(1093,'San Francisco Lachigolo',17.0177,-96.5969,20),(1094,'San Francisco Logueche',16.3506,-96.3779,20),(1095,'San Francisco Nuxano',17.3806,-97.3439,20),(1096,'San Francisco Ozolotepec',16.1019,-96.2218,20),(1097,'San Francisco Sola',16.5187,-96.9768,20),(1098,'San Francisco Telixtlahuaca',17.3528,-96.9424,20),(1099,'San Francisco Teopan',17.8497,-97.4952,20),(1100,'San Francisco Tlapancingo',17.4888,-98.2955,20),(1101,'San Gabriel Mixtepec',16.0946,-97.0816,20),(1102,'San Ildefonso Amatlan',16.3333,-96.5,20),(1103,'San Ildefonso Sola',16.5209,-96.9829,20),(1104,'San Ildefonso Villa Alta',17.3079,-96.1643,20),(1105,'San Jacinto Amilpas',17.0884,-96.7582,20),(1106,'San Jacinto Tlacotepec',16.5146,-97.387,20),(1107,'San Jeronimo Coatlan',16.1889,-96.9582,20),(1108,'San Jeronimo Silacayoapilla',17.8117,-97.8436,20),(1109,'San Jeronimo Sosola',17.3655,-97.0331,20),(1110,'San Jeronimo Taviche',16.7197,-96.6404,20),(1111,'San Jeronimo Tecoatl',18.15,-96.9167,20),(1112,'San Jeronimo Tlacochahuaya',17.0157,-96.5408,20),(1113,'San Jorge Nuchita',17.6833,-98.1167,20),(1114,'San Jose Ayuquila',17.9411,-97.9678,20),(1115,'San Jose Chiltepec',17.9484,-96.1674,20),(1116,'San Jose del Penasco',16.3191,-96.4939,20),(1117,'San Jose del Progreso',16.0952,-97.6958,20),(1118,'San Jose Estancia Grande',16.3276,-98.3374,20),(1119,'San Jose Independencia',18.2064,-96.6112,20),(1120,'San Jose Lachiguiri',16.3789,-96.3347,20),(1121,'San Jose Tenango',18.1492,-96.7162,20),(1122,'San Juan Achiutla',17.3448,-97.5079,20),(1123,'San Juan Atepec',17.4279,-96.5387,20),(1124,'San Juan Bautista Atatlahuca',17.5318,-96.8301,20),(1125,'San Juan Bautista Coixtlahuaca',17.8874,-97.3863,20),(1126,'San Juan Bautista Cuicatlan',17.7988,-96.9518,20),(1127,'San Juan Bautista Guelache',16.8194,-97.5625,20),(1128,'San Juan Bautista Jayacatlan',17.408,-96.83,20),(1129,'San Juan Bautista Lo de Soto',16.5102,-98.3431,20),(1130,'San Juan Bautista Suchitepec',18.0132,-97.6584,20),(1131,'San Juan Bautista Tlachichilco',17.6225,-98.3434,20),(1132,'San Juan Bautista Tlacoatzintepec',17.8592,-96.5853,20),(1133,'San Juan Bautista Tuxtepec',17.8129,-95.93,20),(1134,'San Juan Bautista Valle Nacional',17.775,-96.3035,20),(1135,'San Juan Cacahuatepec',16.552,-98.1268,20),(1136,'San Juan Chicomezuchil',17.2882,-96.4965,20),(1137,'San Juan Chilateca',16.8279,-96.6677,20),(1138,'San Juan Cieneguilla',17.8516,-98.2809,20),(1139,'San Juan Coatzospam',18.0485,-96.7626,20),(1140,'San Juan Colorado',16.4967,-97.9229,20),(1141,'San Juan Comaltepec',17.3457,-95.9531,20),(1142,'San Juan Cotzocon',17.4434,-95.4406,20),(1143,'San Juan de los Cues',18.0561,-96.9948,20),(1144,'San Juan Del Estado',17.2731,-96.7996,20),(1145,'San Juan Diuxi',17.2852,-97.377,20),(1146,'San Juan Evangelista Analco',17.4056,-96.5388,20),(1147,'San Juan Guelavia',16.9543,-96.5439,20),(1148,'San Juan Guichicovi',17.1629,-95.1449,20),(1149,'San Juan Ihualtepec',17.8289,-98.2881,20),(1150,'San Juan Juquila Mixes',16.9342,-95.9167,20),(1151,'San Juan Juquila Vijanos',17.3549,-96.2987,20),(1152,'San Juan Lachao',18.1464,-96.0767,20),(1153,'San Juan Lachigalla',16.5328,-96.5565,20),(1154,'San Juan Lajarcia',16.5064,-95.9249,20),(1155,'San Juan Lalana',17.4701,-95.8784,20),(1156,'San Juan Mazatlan',17.0268,-95.4396,20),(1157,'San Juan Mixtepec Juxtlahuaca',16.2972,-96.3436,20),(1158,'San Juan Mixtepec Miahuatlan',16.2789,-96.3012,20),(1159,'San Juan Ozolotepec',17.2833,-95.5762,20),(1160,'San Juan Petlapa',17.4686,-96.0378,20),(1161,'San Juan Quiahije',16.3229,-97.3186,20),(1162,'San Juan Quiotepec',17.6023,-96.587,20),(1163,'San Juan Sayultepec',17.4501,-97.2854,20),(1164,'San Juan Tabaa',17.2946,-96.2195,20),(1165,'San Juan Tamazola',17.0923,-97.2145,20),(1166,'San Juan Teita',17.0935,-97.4139,20),(1167,'San Juan Teitipac',16.9337,-96.6054,20),(1168,'San Juan Tepeuxila',17.7704,-96.791,20),(1169,'San Juan Teposcolula',17.5884,-97.4402,20),(1170,'San Juan Umi',17.4117,-97.6989,20),(1171,'San Juan Yaee',17.4399,-96.2868,20),(1172,'San Juan Yatzona',17.4019,-96.1693,20),(1173,'San Juan Yucuita',17.5091,-97.2707,20),(1174,'San Lorenzo',16.3928,-97.8741,20),(1175,'San Lorenzo Albarradas',16.943,-96.2212,20),(1176,'San Lorenzo Cacaotepec',17.1424,-96.804,20),(1177,'San Lorenzo Cuaunecuiltitla',18.2069,-96.9125,20),(1178,'San Lorenzo Texmelucan',16.5212,-97.1589,20),(1179,'San Lorenzo Victoria',17.6431,-98.0916,20),(1180,'San Lucas Camotlan',16.95,-95.7833,20),(1181,'San Lucas Ojitlan',18.0588,-96.3943,20),(1182,'San Lucas Quiavini',16.9061,-96.471,20),(1183,'San Lucas Zoquiapam',18.1353,-96.9058,20),(1184,'San Luis Amatlan',16.4988,-96.5475,20),(1185,'San Marcial Ozolotepec',16.0895,-96.4063,20),(1186,'San Marcos Arteaga',17.7221,-97.8605,20),(1187,'San Martin de los Cansecos',16.7011,-96.7438,20),(1188,'San Martin Huamelulpam',17.3966,-97.6067,20),(1189,'San Martin Itunyoso',17.1911,-97.8916,20),(1190,'San Martin Lachila',16.6119,-96.8521,20),(1191,'San Martin Peras',17.4309,-98.2909,20),(1192,'San Martin Tilcajete',16.8583,-96.6899,20),(1193,'San Martin Toxpalan',18.1182,-97.0248,20),(1194,'San Martin Zacatepec',17.8052,-98.0581,20),(1195,'San Mateo Cajonos',17.1612,-96.2084,20),(1196,'San Mateo Del Mar',16.2088,-94.9817,20),(1197,'San Mateo Etlatongo',17.4155,-97.272,20),(1198,'San Mateo Nejapam',17.6403,-98.4252,20),(1199,'San Mateo Penasco',17.1508,-97.5344,20),(1200,'San Mateo Pinas',16.0017,-96.3378,20),(1201,'San Mateo Rio Hondo',16.1488,-96.429,20),(1202,'San Mateo Sindihui',17.0029,-97.3503,20),(1203,'San Mateo Tlapiltepec',17.8116,-97.432,20),(1204,'San Mateo Yoloxochitlan',18.1322,-96.874,20),(1205,'San Melchor Betaza',17.2509,-96.1531,20),(1206,'San Miguel Achiutla',17.3065,-97.4888,20),(1207,'San Miguel Ahuehuetitlan',17.6689,-98.3117,20),(1208,'San Miguel Aloapam',17.4341,-96.6581,20),(1209,'San Miguel Amatitlan',17.9167,-98.0167,20),(1210,'San Miguel Amatlan',17.1196,-96.4522,20),(1211,'San Miguel Chicahua',17.6376,-97.1937,20),(1212,'San Miguel Chimalapa',16.7015,-94.8152,20),(1213,'San Miguel Coatlan',16.1667,-96.6667,20),(1214,'San Miguel Del Puerto',15.923,-96.2442,20),(1215,'San Miguel del Rio',17.3075,-96.5618,20),(1216,'San Miguel Ejutla',16.5812,-96.7373,20),(1217,'San Miguel El Grande',19.3818,-99.2223,20),(1218,'San Miguel Huautla',17.7414,-97.1439,20),(1219,'San Miguel Mixtepec',16.7771,-96.9564,20),(1220,'San Miguel Panixtlahuaca',16.2602,-97.3832,20),(1221,'San Miguel Peras',16.9233,-96.9938,20),(1222,'San Miguel Piedras',16.9975,-97.2333,20),(1223,'San Miguel Quetzaltepec',17.021,-95.8383,20),(1224,'San Miguel Santa Flor',17.9228,-96.7968,20),(1225,'San Miguel Soyaltepec',18.2423,-96.4036,20),(1226,'San Miguel Suchixtepec',16.0932,-96.467,20),(1227,'San Miguel Tecomatlan',17.3928,-97.2672,20),(1228,'San Miguel Tenango',16.266,-95.5965,20),(1229,'San Miguel Tequixtepec',17.837,-97.2605,20),(1230,'San Miguel Tilquiapam',16.781,-96.5817,20),(1231,'San Miguel Tlacamama',16.4453,-98.0829,20),(1232,'San Miguel Tlacotepec',17.4531,-98.0053,20),(1233,'San Miguel Tulancingo',17.7507,-97.4416,20),(1234,'San Miguel Yotao',17.3703,-96.3372,20),(1235,'San Nicolas',16.4217,-96.7415,20),(1236,'San Nicolas Hidalgo',17.7837,-98.146,20),(1237,'San Pablo Coatlan',16.0781,-96.8523,20),(1238,'San Pablo Cuatro Venados',16.9672,-96.905,20),(1239,'San Pablo Etla',17.3201,-97.118,20),(1240,'San Pablo Huitzo',17.2817,-96.8883,20),(1241,'San Pablo Huixtepec',16.8207,-96.7844,20),(1242,'San Pablo Macuiltianguis',17.5042,-96.5508,20),(1243,'San Pablo Tijaltepec',17.0144,-97.501,20),(1244,'San Pablo Villa de Mitla',17.0375,-96.2708,20),(1245,'San Pablo Yaganiza',17.1462,-96.2317,20),(1246,'San Pedro Amuzgos',16.6522,-98.0904,20),(1247,'San Pedro Apostol',16.7358,-96.7269,20),(1248,'San Pedro Atoyac',16.4887,-97.9864,20),(1249,'San Pedro Cajonos',17.1684,-96.2631,20),(1250,'San Pedro Comitancillo',16.49,-95.1583,20),(1251,'San Pedro Coxcaltepec Cantaros',17.5925,-97.0811,20),(1252,'San Pedro El Alto',16.0363,-96.4723,20),(1253,'San Pedro Huamelula',15.9929,-95.753,20),(1254,'San Pedro Huilotepec',16.2444,-95.1512,20),(1255,'San Pedro Ixcatlan',18.1444,-96.5102,20),(1256,'San Pedro Ixtlahuaca',17.0653,-96.7979,20),(1257,'San Pedro Jaltepetongo',17.6833,-97.0333,20),(1258,'San Pedro Jicayan',16.4499,-98.0153,20),(1259,'San Pedro Jocotipac',17.7698,-97.0789,20),(1260,'San Pedro Juchatengo',16.3443,-97.0898,20),(1261,'San Pedro Martir',16.7414,-96.7126,20),(1262,'San Pedro Martir Quiechapa',16.4149,-96.2457,20),(1263,'San Pedro Martir Yucuxaco',17.4626,-97.6721,20),(1264,'San Pedro Mixtepec Juquila',16,-97.1167,20),(1265,'San Pedro Mixtepec Miahuatlan',16.2513,-96.2803,20),(1266,'San Pedro Molinos',17.1015,-97.5416,20),(1267,'San Pedro Nopala',17.8029,-97.541,20),(1268,'San Pedro Ocopetatillo',18.186,-96.9129,20),(1269,'San Pedro Ocotepec',16.952,-95.8443,20),(1270,'San Pedro Pochutla',15.6684,-96.4902,20),(1271,'San Pedro Quiatoni',16.785,-96.0311,20),(1272,'San Pedro Sochiapam',17.9833,-96.5833,20),(1273,'San Pedro Tapanatepec',16.1889,-94.0997,20),(1274,'San Pedro Taviche',16.638,-96.5372,20),(1275,'San Pedro Teozacoalco',17.0156,-97.2866,20),(1276,'San Pedro Teutila',18.0175,-96.6163,20),(1277,'San Pedro Tidaa',17.3333,-97.3833,20),(1278,'San Pedro Topiltepec',17.4363,-97.3385,20),(1279,'San Pedro Totolapa',16.6692,-96.2683,20),(1280,'San Pedro y San Pablo Ayutla',17.0265,-96.0758,20),(1281,'San Pedro y San Pablo Teposcolula',17.5142,-97.6161,20),(1282,'San Pedro y San Pablo Tequixtepec',18.0666,-97.7234,20),(1283,'San Pedro Yaneri',17.4187,-96.3583,20),(1284,'San Pedro Yolox',17.5885,-96.5515,20),(1285,'San Pedro Yucunama',17.5618,-97.4836,20),(1286,'San Raymundo Jalpan',16.9718,-96.7561,20),(1287,'San Sebastian Abasolo',16.9946,-96.5875,20),(1288,'San Sebastian Coatlan',16.0669,-96.9085,20),(1289,'San Sebastian Ixcapa',16.5448,-98.1461,20),(1290,'San Sebastian Nicananduta',17.5173,-97.6851,20),(1291,'San Sebastian Rio Hondo',16.187,-96.3881,20),(1292,'San Sebastian Tecomaxtlahuaca',17.3467,-98.0321,20),(1293,'San Sebastian Teitipac',16.9498,-96.6147,20),(1294,'San Sebastian Tutla',17.0472,-96.6869,20),(1295,'San Simon Almolongas',16.4101,-96.7171,20),(1296,'San Simon Zahuatlan',17.8276,-98.0043,20),(1297,'San Vicente Coatlan',16.3983,-96.8314,20),(1298,'San Vicente Lachixio',16.6346,-97.0404,20),(1299,'San Vicente Nunu',17.4692,-97.4384,20),(1300,'Santa Ana',16.3402,-96.7177,20),(1301,'Santa Ana Ateixtlahuaca',18.21,-96.9061,20),(1302,'Santa Ana Cuauhtemoc',17.9852,-96.7945,20),(1303,'Santa Ana Del Valle',16.9929,-96.4714,20),(1304,'Santa Ana Tavela',16.6544,-95.9095,20),(1305,'Santa Ana Tlapacoyan',16.7374,-96.8589,20),(1306,'Santa Ana Yareni',17.3966,-96.6121,20),(1307,'Santa Ana Zegache',16.8608,-96.7542,20),(1308,'Santa Catalina Quieri',16.3201,-96.2652,20),(1309,'Santa Catarina Cuixtla',16.3049,-96.6469,20),(1310,'Santa Catarina Ixtepeji',17.2394,-96.5616,20),(1311,'Santa Catarina Juquila',16.2312,-97.2809,20),(1312,'Santa Catarina Lachatao',17.1319,-94.9797,20),(1313,'Santa Catarina Loxicha',16.0756,-96.7483,20),(1314,'Santa Catarina Mechoacan',16.3333,-97.8333,20),(1315,'Santa Catarina Minas',16.781,-96.615,20),(1316,'Santa Catarina Quiane',16.8833,-96.742,20),(1317,'Santa Catarina Quioquitani',16.3155,-96.2842,20),(1318,'Santa Catarina Tayata',17.3139,-97.5571,20),(1319,'Santa Catarina Ticua',17.0667,-97.55,20),(1320,'Santa Catarina Yosonotu',17.0283,-97.6636,20),(1321,'Santa Catarina Zapoquila',18.023,-97.5499,20),(1322,'Santa Cruz Acatepec',18.1633,-96.8751,20),(1323,'Santa Cruz Amilpas',17.0575,-96.6817,20),(1324,'Santa Cruz de Bravo',17.5812,-98.2242,20),(1325,'Santa Cruz Itundujia',16.8748,-97.6608,20),(1326,'Santa Cruz Mixtepec',16.7936,-96.96,20),(1327,'Santa Cruz Nundaco',17.1733,-97.7144,20),(1328,'Santa Cruz Papalutla',16.9589,-96.5842,20),(1329,'Santa Cruz Tacache de Mina',17.8167,-98.1333,20),(1330,'Santa Cruz Tacahua',16.9302,-97.4246,20),(1331,'Santa Cruz Tayata',16.4,-95,20),(1332,'Santa Cruz Xitla',16.3675,-96.705,20),(1333,'Santa Cruz Xoxocotlan',17.0428,-96.7232,20),(1334,'Santa Cruz Zenzontepec',16.5308,-97.4452,20),(1335,'Santa Gertrudis',16.7851,-96.8,20),(1336,'Santa Ines de Zaragoza',15.9994,-96.9994,20),(1337,'Santa Ines del Monte',16.9833,-96.7167,20),(1338,'Santa Ines Yatzeche',16.8082,-96.7562,20),(1339,'Santa Lucia del Camino',17.0651,-96.6934,20),(1340,'Santa Lucia Miahuatlan',16.1873,-96.617,20),(1341,'Santa Lucia Monteverde',16.8667,-97.5,20),(1342,'Santa Lucia Ocotlan',16.7255,-96.6673,20),(1343,'Santa Magdalena Jicotlan',17.82,-97.4373,20),(1344,'Santa Maria Alotepec',17.0289,-95.8783,20),(1345,'Santa Maria Apazco',17.6328,-97.1001,20),(1346,'Santa Maria Atzompa',17.1019,-96.7787,20),(1347,'Santa Maria Camotlan',17.8874,-97.6839,20),(1348,'Santa Maria Chachoapam',17.6185,-97.2615,20),(1349,'Santa Maria Chilapa de Diaz',17.5876,-97.6323,20),(1350,'Santa Maria Chilchotla',18.3114,-96.7389,20),(1351,'Santa Maria Chimalapa',16.7673,-94.7627,20),(1352,'Santa Maria Colotepec',15.8546,-97.0411,20),(1353,'Santa Maria Cortijo',17.3347,-97.1256,20),(1354,'Santa Maria Coyotepec',16.9769,-96.6992,20),(1355,'Santa Maria del Rosario',17.3552,-97.5957,20),(1356,'Santa Maria del Tule',17.0466,-96.6335,20),(1357,'Santa Maria Ecatepec',16.4019,-95.7681,20),(1358,'Santa Maria Guelace',16.9922,-96.6092,20),(1359,'Santa Maria Guienagati',16.8316,-95.2818,20),(1360,'Santa Maria Huatulco',15.8309,-96.3199,20),(1361,'Santa Maria Huazolotitlan',16.2276,-97.9425,20),(1362,'Santa Maria Ipalapa',16.6385,-97.9779,20),(1363,'Santa Maria Ixcatlan',17.8841,-97.0937,20),(1364,'Santa Maria Jacatepec',17.8602,-96.2099,20),(1365,'Santa Maria Jalapa del Marques',16.44,-95.445,20),(1366,'Santa Maria Jaltianguis',17.3591,-96.5261,20),(1367,'Santa Maria la Asuncion',19.262,-99.0035,20),(1368,'Santa Maria Lachixio',16.7277,-97.0256,20),(1369,'Santa Maria Mixtequilla',16.3744,-95.2596,20),(1370,'Santa Maria Nativitas',17.6422,-97.3092,20),(1371,'Santa Maria Nduayaco',16.66,-96.1014,20),(1372,'Santa Maria Ozolotepec',16.1307,-96.3696,20),(1373,'Santa Maria Papalo',17.8573,-96.712,20),(1374,'Santa Maria Penoles',17.0792,-97.0015,20),(1375,'Santa Maria Petapa',17.3136,-97.1658,20),(1376,'Santa Maria Quiegolani',16.2596,-96.0382,20),(1377,'Santa Maria Sola',16.7076,-96.8559,20),(1378,'Santa Maria Tataltepec',17.1493,-97.3962,20),(1379,'Santa Maria Tecomavaca',17.955,-96.9918,20),(1380,'Santa Maria Temaxcalapa',17.38,-96.1626,20),(1381,'Santa Maria Temaxcaltepec',16.1611,-97.1993,20),(1382,'Santa Maria Teopoxco',18.1667,-96.95,20),(1383,'Santa Maria Tepantlali',16.9961,-96.0091,20),(1384,'Santa Maria Texcatitlan',17.7148,-97.051,20),(1385,'Santa Maria Tlahuitoltepec',17.0977,-96.0625,20),(1386,'Santa Maria Tlalixtac',17.8959,-96.7512,20),(1387,'Santa Maria Tonameca',15.7467,-96.5463,20),(1388,'Santa Maria Totolapilla',16.5784,-95.6182,20),(1389,'Santa Maria Xadani',15.9333,-96.0667,20),(1390,'Santa Maria Yalina',17.2182,-96.2397,20),(1391,'Santa Maria Yavesia',17.2372,-96.4294,20),(1392,'Santa Maria Yolotepec',16.2488,-97.1862,20),(1393,'Santa Maria Yosoyua',17.12,-97.4679,20),(1394,'Santa Maria Yucuhiti',17.0192,-97.7704,20),(1395,'Santa Maria Zacatepec',16.8462,-97.9873,20),(1396,'Santa Maria Zaniza',16.65,-97.35,20),(1397,'Santa Maria Zoquitlan',16.5411,-96.3998,20),(1398,'Santiago Amoltepec',16.6414,-97.496,20),(1399,'Santiago Apoala',17.6508,-97.1378,20),(1400,'Santiago Apostol',16.8046,-96.7227,20),(1401,'Santiago Astata',15.9867,-95.6739,20),(1402,'Santiago Atitlan',17.0364,-95.8805,20),(1403,'Santiago Ayuquililla',17.95,-97.9667,20),(1404,'Santiago Cacaloxtepec',17.7253,-97.7434,20),(1405,'Santiago Camotlan',17.445,-96.185,20),(1406,'Santiago Chazumba',18.1885,-97.6789,20),(1407,'Santiago Choapam',17.3592,-95.9229,20),(1408,'Santiago Comaltepec',17.6284,-96.3683,20),(1409,'Santiago del Rio',17.42,-98.1115,20),(1410,'Santiago Huajolotitlan',17.8132,-97.6169,20),(1411,'Santiago Huauclilla',17.4499,-97.0715,20),(1412,'Santiago Ihuitlan Plumas',17.8482,-97.4289,20),(1413,'Santiago Ixcuintepec',16.9344,-95.6214,20),(1414,'Santiago Ixtayutla',16.617,-97.7912,20),(1415,'Santiago Jamiltepec',16.2794,-97.8196,20),(1416,'Santiago Jocotepec',17.6717,-96.0905,20),(1417,'Santiago Juxtlahuaca',18.1158,-96.0778,20),(1418,'Santiago Lachiguiri',16.6856,-95.5273,20),(1419,'Santiago Lalopa',17.4179,-96.2487,20),(1420,'Santiago Laollaga',16.6948,-95.2906,20),(1421,'Santiago Laxopa',17.2343,-96.3127,20),(1422,'Santiago Llano Grande',16.5889,-98.9058,20),(1423,'Santiago Matatlan',16.86,-96.3871,20),(1424,'Santiago Miltepec',17.9833,-97.6833,20),(1425,'Santiago Minas',16.4187,-97.2225,20),(1426,'Santiago Nacaltepec',17.4773,-96.937,20),(1427,'Santiago Nejapilla',17.4207,-97.3725,20),(1428,'Santiago Niltepec',16.5717,-94.7041,20),(1429,'Santiago Nundiche',17.2644,-97.6762,20),(1430,'Santiago Nuyoo',17.071,-97.7887,20),(1431,'Santiago Pinotepa Nacional',16.5889,-98.9058,20),(1432,'Santiago Suchilquitongo',17.2167,-96.85,20),(1433,'Santiago Tamazola',17.8125,-98.2017,20),(1434,'Santiago Tapextla',16.3038,-98.4448,20),(1435,'Santiago Tenango',17.2983,-96.9814,20),(1436,'Santiago Tepetlapa',17.7823,-97.4014,20),(1437,'Santiago Tetepec',16.3422,-97.5882,20),(1438,'Santiago Texcalcingo',18.2073,-96.9683,20),(1439,'Santiago Textitlan',16.7471,-97.2641,20),(1440,'Santiago Tilantongo',17.3347,-97.1256,20),(1441,'Santiago Tillo',17.4606,-97.3181,20),(1442,'Santiago Tlazoyaltepec',17.0086,-96.9636,20),(1443,'Santiago Xanica',16.009,-96.2252,20),(1444,'Santiago Xiacui',17.2927,-96.4348,20),(1445,'Santiago Yaitepec',16.2255,-97.2695,20),(1446,'Santiago Yaveo',17.7095,-95.29,20),(1447,'Santiago Yolomecatl',17.2553,-95.7186,20),(1448,'Santiago Yosondua',16.9553,-97.5643,20),(1449,'Santiago Yucuyachi',17.6151,-98.2319,20),(1450,'Santiago Zacatepec',18.2186,-96.2642,20),(1451,'Santiago Zoochila',17.2229,-96.2535,20),(1452,'Santo Domingo Albarradas',16.9628,-96.189,20),(1453,'Santo Domingo Armenta',16.272,-98.3512,20),(1454,'Santo Domingo Chihuitan',16.592,-95.1601,20),(1455,'Santo Domingo de Morelos',15.8328,-96.6671,20),(1456,'Santo Domingo Ingenio',16.4874,-94.7263,20),(1457,'Santo Domingo Ixcatlan',16.9167,-97.5333,20),(1458,'Santo Domingo Nuxaa',17.1669,-97.0267,20),(1459,'Santo Domingo Ozolotepec',16.1501,-96.3098,20),(1460,'Santo Domingo Petapa',16.8953,-95.2355,20),(1461,'Santo Domingo Roayaga',17.3372,-96.1143,20),(1462,'Santo Domingo Tehuantepec',16.2938,-95.4133,20),(1463,'Santo Domingo Teojomulco',15.9167,-95.7833,20),(1464,'Santo Domingo Tepuxtepec',16.9547,-96.0556,20),(1465,'Santo Domingo Tlatayapam',17.4081,-97.3397,20),(1466,'Santo Domingo Tomaltepec',17.0604,-96.6233,20),(1467,'Santo Domingo Tonala',16.3,-95.1667,20),(1468,'Santo Domingo Tonaltepec',17.6115,-97.3589,20),(1469,'Santo Domingo Xagacia',17.1543,-96.2586,20),(1470,'Santo Domingo Yanhuitlan',17.5267,-97.3428,20),(1471,'Santo Domingo Yodohino',17.6167,-97.6825,20),(1472,'Santo Domingo Zanatepec',16.3412,-94.3631,20),(1473,'Santo Tomas Jalieza',16.9237,-96.6985,20),(1474,'Santo Tomas Mazaltepec',17.1738,-96.8714,20),(1475,'Santo Tomas Ocotepec',17.1442,-97.764,20),(1476,'Santo Tomas Tamazulapan',16.2682,-96.5831,20),(1477,'Santos Reyes Nopala',16.1106,-97.2049,20),(1478,'Santos Reyes Papalo',17.8023,-96.9018,20),(1479,'Santos Reyes Tepejillo',17.4384,-97.9379,20),(1480,'Santos Reyes Yucuna',17.7806,-98.018,20),(1481,'Silacayoapam',17.5749,-98.0966,20),(1482,'Sitio de Xitlapehua',16.3507,-96.5329,20),(1483,'Soledad Etla',17.1679,-96.8257,20),(1484,'Tamazulapam del Espiritu Santo',17.0518,-96.0746,20),(1485,'Tanetze de Zaragoza',17.3572,-96.2998,20),(1486,'Taniche',16.5669,-96.7537,20),(1487,'Tataltepec de Valdes',16.3049,-97.5467,20),(1488,'Teococuilco de Marcos Perez',17.3173,-96.6505,20),(1489,'Teotitlan de Flores Magon',18.098,-97.1152,20),(1490,'Teotitlan del Valle',17.0282,-96.4945,20),(1491,'Teotongo',17.7336,-97.5325,20),(1492,'Tepelmeme Villa de Morelos',17.9459,-97.3488,20),(1493,'Tezoatlan de Segura y Luna',17.6098,-97.7917,20),(1494,'Tlacolula de Matamoros',16.8981,-96.4142,20),(1495,'Tlacotepec Plumas',17.8484,-97.4339,20),(1496,'Tlalixtac de Cabrera',17.0714,-96.6504,20),(1497,'Totontepec Villa de Morelos',17.3088,-95.9942,20),(1498,'Trinidad Zaachila',16.9336,-96.782,20),(1499,'Union Hidalgo',16.475,-94.8297,20),(1500,'Valerio Trujano',17.759,-96.9617,20),(1501,'Villa de Etla',17.2066,-96.7981,20),(1502,'Villa de Tamazulapam del Progreso',17.6929,-97.6132,20),(1503,'Villa de Tututepec de Melchor Ocampo',16.1175,-97.5975,20),(1504,'Villa de Zaachila',16.9316,-96.698,20),(1505,'Villa Diaz Ordaz',17.1165,-96.3973,20),(1506,'Villa Sola de Vega',15.9044,-96.8997,20),(1507,'Villa Talea de Castro',17.3667,-96.25,20),(1508,'Villa Tejupam de la Union',17.6633,-97.469,20),(1509,'Yaxe',16.7236,-96.4736,20),(1510,'Yogana',17.1789,-96.1848,20),(1511,'Yutanduchi de Guerrero',17.0403,-97.2996,20),(1512,'Zapotitlan del Rio',16.8754,-97.2372,20),(1513,'Zapotitlan Lagunas',17.7992,-98.3341,20),(1514,'Zapotitlan Palmas',17.8972,-97.8241,20),(1515,'Zimatlan de Alvarez',16.7067,-97.164,20),(1516,'Acajete',19.1096,-97.9511,21),(1517,'Acateno',20.1,-97.2,21),(1518,'Acatzingo',18.9797,-97.7835,21),(1519,'Acteopan',18.9,-97.3167,21),(1520,'Ahuatlan',18.5719,-98.2568,21),(1521,'Ahuazotepec',20.0443,-98.1618,21),(1522,'Ahuehuetitla',18.2123,-98.2198,21),(1523,'Ajalpan',18.3782,-97.2591,21),(1524,'Albino Zertuche',18.0187,-98.538,21),(1525,'Aljojuca',19.1011,-97.5314,21),(1526,'Altepexi',18.3697,-97.2997,21),(1527,'Amixtlan',20.0278,-97.7534,21),(1528,'Amozoc',19.0476,-98.0574,21),(1529,'Aquixtla',19.7966,-97.9356,21),(1530,'Atempan',19.838,-97.4565,21),(1531,'Atexcal',18.4484,-97.6361,21),(1532,'Atlequizayan',20.0129,-97.6246,21),(1533,'Atlixco',18.889,-98.4513,21),(1534,'Atoyatempan',18.8235,-97.916,21),(1535,'Atzala',18.5447,-98.5552,21),(1536,'Atzitzihuacan',18.8237,-98.588,21),(1537,'Atzitzintla',18.8979,-97.3243,21),(1538,'Axutla',18.1919,-98.3881,21),(1539,'Ayotoxco de Guerrero',20.098,-97.4112,21),(1540,'Calpan',19.1035,-98.4757,21),(1541,'Caltepec',18.2282,-97.5804,21),(1542,'Camocuautla',20.0396,-97.7582,21),(1543,'Canada Morelos',18.7706,-97.3537,21),(1544,'Caxhuacan',20.064,-97.6076,21),(1545,'Chalchicomula de Sesma',19.0418,-97.4375,21),(1546,'Chapulco',18.62,-97.4106,21),(1547,'Chiautzingo',19.2289,-98.4846,21),(1548,'Chichiquila',19.1993,-97.0685,21),(1549,'Chiconcuautla',20.0945,-97.939,21),(1550,'Chietla',18.4862,-98.636,21),(1551,'Chigmecatitlan',18.6478,-98.0527,21),(1552,'Chignahuapan',19.8824,-98.2732,21),(1553,'Chignautla',19.812,-97.3879,21),(1554,'Chila',19.0283,-98.3075,21),(1555,'Chila de La Sal',18.1082,-98.4829,21),(1556,'Chilchotla',19.2791,-97.2345,21),(1557,'Chinantla',18.2489,-98.3148,21),(1558,'Coatepec',20.0596,-97.7326,21),(1559,'Coatzingo',18.6147,-98.1729,21),(1560,'Cohetzala',18.2952,-98.7312,21),(1561,'Cohuecan',18.8,-98.7167,21),(1562,'Coronango',19.1314,-98.2979,21),(1563,'Coxcatlan',19.8333,-97.75,21),(1564,'Coyomeapan',18.2783,-96.992,21),(1565,'Cuapiaxtla de Madero',18.9148,-97.8235,21),(1566,'Cuautempan',19.9097,-97.796,21),(1567,'Cuautinchan',18.958,-97.9621,21),(1568,'Cuautlancingo',19.0981,-98.2536,21),(1569,'Cuayuca de Andrade',18.4667,-98.1833,21),(1570,'Cuetzalan Del Progreso',20.0297,-97.5414,21),(1571,'Cuyoaco',19.5413,-97.5957,21),(1572,'Domingo Arenas',19.1395,-98.4595,21),(1573,'Epatlan',19.6583,-97.657,21),(1574,'Esperanza',18.8541,-97.3333,21),(1575,'Francisco Z Mena',20.75,-97.75,21),(1576,'General Felipe angeles',19.0437,-97.701,21),(1577,'Hermenegildo Galeana',20.1219,-97.7444,21),(1578,'Honey',20.5285,-97.8516,21),(1579,'Huaquechula',18.7862,-98.4894,21),(1580,'Huatlatlauca',18.7178,-98.0125,21),(1581,'Huauchinango',20.138,-98.0064,21),(1582,'Huehuetlan el Chico',18.271,-98.7617,21),(1583,'Huehuetlan el Grande',18.799,-98.1697,21),(1584,'Huejotzingo',19.1583,-98.4187,21),(1585,'Hueyapan',19.884,-97.4456,21),(1586,'Hueytamalco',19.9395,-97.2879,21),(1587,'Hueytlalpan',20.0262,-97.6982,21),(1588,'Huitzilan de Serdan',19.9667,-97.6833,21),(1589,'Huitziltepec',18.7562,-97.8639,21),(1590,'Ixcamilpa de Guerrero',18.0195,-98.7043,21),(1591,'Ixcaquixtla',18.5075,-97.8738,21),(1592,'Ixtacamaxtitlan',19.4667,-97.7,21),(1593,'Ixtepec',20.0244,-97.6456,21),(1594,'Izucar de Matamoros',18.5744,-98.4036,21),(1595,'Jalpan',20.4667,-97.9833,21),(1596,'Jolalpan',18.3362,-98.9585,21),(1597,'Jonotla',20.0535,-97.5562,21),(1598,'Jopala',20.1338,-97.7267,21),(1599,'Juan C Bonilla',19.0453,-98.1975,21),(1600,'Juan Galindo',20.1833,-97.95,21),(1601,'Juan N Mendez',18.4809,-97.7631,21),(1602,'La Magdalena Tlatlauquitepec',18.7591,-98.1007,21),(1603,'Lafragua',19.2969,-97.2719,21),(1604,'Libres',19.4438,-97.6779,21),(1605,'Los Reyes de Juarez',19.0101,-97.8587,21),(1606,'Mazapiltepec de Juarez',19.1221,-97.6929,21),(1607,'Mixtla',18.9031,-97.8944,21),(1608,'Molcaxac',18.7667,-97.8667,21),(1609,'Naupan',20.2022,-98.1337,21),(1610,'Nauzontla',19.9608,-97.6037,21),(1611,'Nealtican',19.0642,-98.4252,21),(1612,'Nicolas Bravo',18.6395,-97.3965,21),(1613,'Nopalucan',19.1535,-97.7653,21),(1614,'Ocoyucan',18.9738,-98.3383,21),(1615,'Olintla',20.1,-97.7167,21),(1616,'Oriental',19.3442,-97.5365,21),(1617,'Pahuatlan',20.3091,-98.0943,21),(1618,'Palmar de Bravo',18.8335,-97.5601,21),(1619,'Petlalcingo',18.0592,-97.8709,21),(1620,'Piaxtla',19.85,-97.4333,21),(1621,'Puebla',18.9565,-98.1867,21),(1622,'Quecholac',18.9568,-97.6578,21),(1623,'Quimixtlan',19.2538,-97.1369,21),(1624,'Rafael Lara Grajales',19.2353,-97.808,21),(1625,'San Andres Cholula',19.048,-98.2962,21),(1626,'San Antonio Canada',18.4988,-97.2881,21),(1627,'San Diego la Mesa Tochimiltzingo',18.65,-97.7667,21),(1628,'San Felipe Teotlalcingo',19.2366,-98.5014,21),(1629,'San Felipe Tepatlan',20.0878,-97.8015,21),(1630,'San Gabriel Chilac',18.3259,-97.3472,21),(1631,'San Gregorio Atzompa',19.0035,-98.338,21),(1632,'San Jeronimo Tecuanipan',19.0617,-98.3864,21),(1633,'San Jeronimo Xayacatlan',18.1689,-97.955,21),(1634,'San Jose Chiapa',19.2667,-97.7,21),(1635,'San Jose Miahuatlan',18.2902,-97.2894,21),(1636,'San Juan Atenco',19.0564,-97.5614,21),(1637,'San Juan Atzompa',18.7469,-98.0233,21),(1638,'San Martin Texmelucan',19.2822,-98.4517,21),(1639,'San Martin Totoltepec',18.6667,-98.35,21),(1640,'San Matias Tlalancaleca',19.3702,-98.5184,21),(1641,'San Miguel Ixitlan',18,-97.7667,21),(1642,'San Miguel Xoxtla',19.1693,-98.3061,21),(1643,'San Nicolas Buenos Aires',19.3084,-97.509,21),(1644,'San Nicolas de los Ranchos',19.0776,-98.4822,21),(1645,'San Pablo Amicano',18.15,-98.1667,21),(1646,'San Pedro Cholula',19.0983,-98.3166,21),(1647,'San Pedro Yeloixtlahuaca',18.0653,-98.0879,21),(1648,'San Salvador El Seco',19.106,-97.5918,21),(1649,'San Salvador El Verde',19.25,-98.5333,21),(1650,'San Salvador Huixcolotla',18.916,-97.7728,21),(1651,'San Sebastian Tlacotepec',18.3333,-97.25,21),(1652,'Santa Catarina Tlaltempan',18.6158,-98.0795,21),(1653,'Santa Ines Ahuatempan',19.05,-98.25,21),(1654,'Santa Isabel Cholula',18.9925,-98.3779,21),(1655,'Santiago Miahuatlan',18.5473,-97.4394,21),(1656,'Santo Tomas Hueyotlipan',18.8821,-97.8471,21),(1657,'Soltepec',19.1257,-97.7141,21),(1658,'Tecali de Herrera',18.8799,-97.9575,21),(1659,'Tecamachalco',18.8444,-97.7637,21),(1660,'Tecomatlan',18.0602,-98.3041,21),(1661,'Tehuacan',19.0541,-98.2234,21),(1662,'Tehuitzingo',18.3316,-98.2742,21),(1663,'Tenampulco',20.1703,-97.4055,21),(1664,'Teopantlan',18.8397,-98.2995,21),(1665,'Teotlalco',18.469,-98.7784,21),(1666,'Tepanco de Lopez',18.4914,-97.4627,21),(1667,'Tepango de Rodriguez',20.0048,-97.7974,21),(1668,'Tepatlaxco de Hidalgo',19.0795,-97.9713,21),(1669,'Tepeaca',19.0261,-97.9024,21),(1670,'Tepemaxalco',18.7372,-98.6293,21),(1671,'Tepeojuma',18.7154,-98.3869,21),(1672,'Tepetzintla',19.9669,-97.8416,21),(1673,'Tepexco',18.6371,-98.6331,21),(1674,'Tepexi de Rodriguez',18.5866,-97.8899,21),(1675,'Tepeyahualco',19.399,-97.3991,21),(1676,'Tepeyahualco de Cuauhtemoc',18.8143,-97.8777,21),(1677,'Tetela de Ocampo',19.8333,-97.75,21),(1678,'Teteles de Avila Castillo',18.075,-98.6736,21),(1679,'Teziutlan',19.8419,-97.3569,21),(1680,'Tianguismanalco',19.1333,-98.4667,21),(1681,'Tilapa',18.621,-98.5141,21),(1682,'Tlachichuca',19.1235,-97.4112,21),(1683,'Tlacotepec de Benito Juarez',18.6698,-97.6726,21),(1684,'Tlacuilotepec',20.3195,-98.0308,21),(1685,'Tlahuapan',19.222,-98.4221,21),(1686,'Tlaltenango',19.1705,-98.3451,21),(1687,'Tlanepantla',18.8632,-97.8874,21),(1688,'Tlaola',20.143,-97.9454,21),(1689,'Tlapacoya',20.0225,-97.9123,21),(1690,'Tlapanala',18.7187,-98.5746,21),(1691,'Tlatlauquitepec',19.8493,-97.496,21),(1692,'Tlaxco',20.4333,-98.05,21),(1693,'Tochimilco',18.8754,-98.7075,21),(1694,'Tochtepec',18.8396,-97.8243,21),(1695,'Totoltepec de Guerrero',18.2931,-97.8125,21),(1696,'Tulcingo',18.0483,-98.3753,21),(1697,'Tuzamapan de Galeana',20.0646,-97.5751,21),(1698,'Tzicatlacoyan',18.8419,-98.0612,21),(1699,'Xayacatlan de Bravo',18.25,-97.9667,21),(1700,'Xicotepec',20.3853,-97.8802,21),(1701,'Xicotlan',18.0731,-98.6693,21),(1702,'Xiutetelco',19.7819,-97.3275,21),(1703,'Xochiapulco',19.8211,-97.659,21),(1704,'Xochiltepec',18.6499,-98.3439,21),(1705,'Xochitlan de Vicente Suarez',19.0492,-98.1565,21),(1706,'Xochitlan Todos Santos',18.7221,-97.8353,21),(1707,'Yaonahuac',19.8805,-97.4649,21),(1708,'Yehualtepec',18.7903,-97.6719,21),(1709,'Zacapala',18.6382,-97.9557,21),(1710,'Zacapoaxtla',19.8836,-97.5438,21),(1711,'Zacatlan',20.0085,-98.1171,21),(1712,'Zapotitlan',18.3311,-97.4694,21),(1713,'Zapotitlan de Mendez',20.0039,-97.6758,21),(1714,'Zautla',19.7152,-97.6698,21),(1715,'Zihuateutla',20.25,-97.8583,21),(1716,'Zinacatepec',18.3337,-97.2442,21),(1717,'Zongozotla',19.9795,-97.7277,21),(1718,'Zoquiapan',20.0099,-97.5959,21),(1719,'Zoquitlan',18.3724,-97.0359,21),(1720,'Amealco de Bonfil',20.1886,-100.145,22),(1721,'Arroyo Seco',21.548,-99.6885,22),(1722,'Cadereyta de Montes',20.7069,-99.8371,22),(1723,'Colon',20.7076,-100.021,22),(1724,'Corregidora',20.4833,-100.367,22),(1725,'El Marques',20.6013,-100.206,22),(1726,'Ezequiel Montes',20.6402,-99.8418,22),(1727,'Huimilpan',20.3844,-100.275,22),(1728,'Jalpan de Serra',21.2164,-99.4748,22),(1729,'Landa de Matamoros',21.3297,-99.2051,22),(1730,'Pedro Escobedo',20.4998,-100.143,22),(1731,'Penamiller',21.053,-99.8154,22),(1732,'Pinal de Amoles',21.2271,-99.5578,22),(1733,'Queretaro',20.7268,-100.453,22),(1734,'San Joaquin',20.9645,-99.5977,22),(1735,'Tequisquiapan',20.5223,-99.8883,22),(1736,'Cozumel',20.5061,-86.9443,23),(1737,'Felipe Carrillo Puerto',19.1577,-88.1041,23),(1738,'Isla Mujeres',21.2558,-86.8117,23),(1739,'Jose Maria Morelos',19.4205,-88.8235,23),(1740,'Othon P Blanco',19.0788,-88.8057,23),(1741,'Solidaridad',20.3899,-87.3248,23),(1742,'Ahualulco',22.4004,-101.165,24),(1743,'Alaquines',22.1288,-99.6008,24),(1744,'Aquismon',21.5558,-99.098,24),(1745,'Armadillo de los Infante',22.3241,-100.718,24),(1746,'Axtla de Terrazas',21.4406,-98.8809,24),(1747,'Cardenas',22.0306,-99.6349,24),(1748,'Catorce',23.7,-100.917,24),(1749,'Cedral',23.8202,-100.727,24),(1750,'Cerritos',22.4324,-100.285,24),(1751,'Cerro de San Pedro',22.2159,-100.8,24),(1752,'Charcas',22.4333,-99.6,24),(1753,'Ciudad del Maiz',22.3997,-99.5323,24),(1754,'Ciudad Fernandez',21.953,-100.026,24),(1755,'Ciudad Valles',22.1038,-99.2052,24),(1756,'Ebano',22.1441,-98.4209,24),(1757,'El Naranjo',22.5195,-99.3219,24),(1758,'Guadalcazar',22.6376,-100.373,24),(1759,'Huehuetlan',21.5,-99,24),(1760,'Matehuala',23.7536,-100.547,24),(1761,'Matlapa',21.3335,-98.8291,24),(1762,'Mexquitic de Carmona',22.2647,-101.187,24),(1763,'Moctezuma',22.7482,-101.085,24),(1764,'Rioverde',21.7388,-99.8182,24),(1765,'Salinas',22.5987,-101.771,24),(1766,'San Antonio',21.6196,-98.9044,24),(1767,'San Ciro de Acosta',21.6497,-99.8192,24),(1768,'San Luis Potosi',22.2499,-101.236,24),(1769,'San Martin Chalchicuautla',21.2305,-98.6611,24),(1770,'San Nicolas Tolentino',22.2167,-100.55,24),(1771,'San Vicente Tancuayalab',21.7358,-98.5549,24),(1772,'Santa Maria del Rio',21.8001,-100.729,24),(1773,'Santo Domingo',23.35,-101.483,24),(1774,'Soledad de Graciano Sanchez',22.1895,-100.931,24),(1775,'Tamasopo',21.9257,-99.2732,24),(1776,'Tamazunchale',21.2591,-98.7909,24),(1777,'Tampacan',21.3702,-98.7013,24),(1778,'Tampamolon Corona',21.5589,-98.8154,24),(1779,'Tamuin',21.9925,-98.7651,24),(1780,'Tancanhuitz',21.5928,-98.9648,24),(1781,'Tanlajas',21.6649,-98.8855,24),(1782,'Tanquian de Escobedo',21.55,-98.65,24),(1783,'Tierra Nueva',21.7213,-100.611,24),(1784,'Vanegas',24.2169,-100.91,24),(1785,'Venado',22.992,-101.246,24),(1786,'Villa de Arista',22.5678,-100.934,24),(1787,'Villa de Arriaga',21.9076,-101.382,24),(1788,'Villa de Guadalupe',23.4677,-100.716,24),(1789,'Villa de La Paz',23.6833,-100.717,24),(1790,'Villa de Ramos',22.999,-102.171,24),(1791,'Villa de Reyes',21.7741,-101.014,24),(1792,'Villa Juarez',22.3231,-100.265,24),(1793,'Xilitla',21.3193,-99.0545,24),(1794,'Ahome',25.9119,-109.174,25),(1795,'Angostura',25.368,-108.159,25),(1796,'Badiraguato',25.3629,-107.55,25),(1797,'Choix',26.8071,-108.427,25),(1798,'Concordia',23.2882,-106.067,25),(1799,'Cosala',24.7352,-106.907,25),(1800,'Culiacan',24.5912,-107.392,25),(1801,'El Fuerte',25.9044,-108.944,25),(1802,'Elota',24.0886,-106.825,25),(1803,'Escuinapa',22.7847,-105.852,25),(1804,'Guasave',25.526,-108.609,25),(1805,'Mazatlan',23.1615,-106.265,25),(1806,'Mocorito',25.0064,-107.632,25),(1807,'Navolato',24.6579,-107.537,25),(1808,'Salvador Alvarado',25.4819,-108.162,25),(1809,'San Ignacio',24.0791,-106.37,25),(1810,'Sinaloa',25.6998,-107.872,25),(1811,'Aconchi',29.825,-110.227,26),(1812,'Agua Prieta',30.9485,-109.274,26),(1813,'Alamos',27.0269,-108.937,26),(1814,'Altar',30.7136,-111.835,26),(1815,'Arivechi',28.928,-109.188,26),(1816,'Arizpe',30.6084,-110.235,26),(1817,'Atil',30.8468,-111.583,26),(1818,'Bacadehuachi',29.8,-109.133,26),(1819,'Bacanora',28.9784,-109.4,26),(1820,'Bacerac',29.2333,-109.117,26),(1821,'Bacoachi',30.6325,-109.965,26),(1822,'Bacum',27.3067,-110.173,26),(1823,'Banamichi',30.0092,-110.214,26),(1824,'Baviacora',29.7471,-110.182,26),(1825,'Bavispe',30.4803,-108.939,26),(1826,'Benjamin Hill',30.1717,-111.103,26),(1827,'Caborca',30.715,-112.157,26),(1828,'Cajeme',27.2327,-110.016,26),(1829,'Cananea',30.824,-110.383,26),(1830,'Carbo',29.6844,-110.956,26),(1831,'Cucurpe',30.3317,-110.701,26),(1832,'Cumpas',30.2514,-109.709,26),(1833,'Divisaderos',29.6149,-109.469,26),(1834,'Empalme',28.0783,-110.613,26),(1835,'Etchojoa',27.159,-109.591,26),(1836,'Fronteras',30.781,-109.58,26),(1837,'General Plutarco Elias Calles',29.1635,-109.703,26),(1838,'Granados',29.8615,-109.311,26),(1839,'Guaymas',27.914,-110.902,26),(1840,'Hermosillo',29.0892,-110.961,26),(1841,'Huachinera',30.0696,-109.087,26),(1842,'Huasabas',29.9075,-109.301,26),(1843,'Huatabampo',26.8272,-109.642,26),(1844,'Huepac',29.9107,-110.214,26),(1845,'Imuris',30.7716,-110.857,26),(1846,'La Colorada',28.8961,-110.249,26),(1847,'Naco',31.3951,-109.922,26),(1848,'Nacori Chico',29.6227,-108.993,26),(1849,'Nacozari de Garcia',30.3744,-109.689,26),(1850,'Navojoa',27.1767,-109.204,26),(1851,'Nogales',31.1308,-111.116,26),(1852,'Onavas',28.461,-109.529,26),(1853,'Opodepe',30.0309,-110.676,26),(1854,'Oquitoa',30.7417,-111.734,26),(1855,'Pitiquito',30.6781,-112.055,26),(1856,'Puerto Penasco',31.3181,-113.537,26),(1857,'Quiriego',27.4833,-109.267,26),(1858,'Sahuaripa',28.7445,-109.138,26),(1859,'San Felipe de Jesus',29.8587,-110.24,26),(1860,'San Ignacio Rio Muerto',27.3536,-110.453,26),(1861,'San Javier',28.5955,-109.741,26),(1862,'San Luis Rio Colorado',32.2997,-115.194,26),(1863,'San Miguel de Horcasitas',29.4928,-110.721,26),(1864,'San Pedro de La Cueva',29.3961,-109.823,26),(1865,'Santa Cruz',31.1472,-110.643,26),(1866,'Saric',31.05,-111.35,26),(1867,'Soyopa',28.9768,-109.641,26),(1868,'Suaqui Grande',28.396,-109.889,26),(1869,'Tepache',29.5149,-109.584,26),(1870,'Trincheras',30.5667,-111.483,26),(1871,'Tubutama',30.9218,-111.434,26),(1872,'Ures',29.207,-110.133,26),(1873,'Villa Pesqueira',28.9768,-110.04,26),(1874,'Yecora',28.3716,-108.927,26),(1875,'Balancan',17.8022,-91.5387,27),(1876,'Centla',18.398,-92.6303,27),(1877,'Centro',17.8409,-92.6189,27),(1878,'Comalcalco',18.2512,-93.3349,27),(1879,'Cunduacan',18.1004,-93.3245,27),(1880,'Huimanguillo',17.9375,-93.8767,27),(1881,'Jalapa',17.8427,-92.7623,27),(1882,'Jalpa de Mendez',18.1333,-93.0833,27),(1883,'Jonuta',17.9262,-92.0357,27),(1884,'Macuspana',17.875,-92.4862,27),(1885,'Nacajuca',18.1604,-93.011,27),(1886,'Paraiso',18.3953,-93.213,27),(1887,'Tacotalpa',17.4887,-92.6236,27),(1888,'Teapa',17.7108,-93.002,27),(1889,'Tenosique',17.4826,-91.4242,27),(1890,'Altamira',22.4049,-98.0203,28),(1891,'Antiguo Morelos',22.5533,-99.0787,28),(1892,'Burgos',24.949,-98.8012,28),(1893,'Casas',23.5272,-98.574,28),(1894,'Ciudad Madero',22.2463,-97.8353,28),(1895,'Cruillas',24.7543,-98.5355,28),(1896,'El Mante',22.7322,-98.9662,28),(1897,'Gonzalez',22.5584,-98.3793,28),(1898,'Guemez',23.9669,-99.1295,28),(1899,'Gustavo Diaz Ordaz',26.2333,-98.5833,28),(1900,'Jaumave',23.1758,-99.3016,28),(1901,'Llera',22.8333,-99.1833,28),(1902,'Mainero',24.562,-99.5067,28),(1903,'Mendez',25.0667,-98.8667,28),(1904,'Mier',26.4192,-99.1555,28),(1905,'Miguel Aleman',26.0716,-99.1338,28),(1906,'Miquihuana',23.6905,-99.7497,28),(1907,'Nuevo Laredo',27.4809,-99.5179,28),(1908,'Nuevo Morelos',22.538,-99.2163,28),(1909,'Padilla',24.0544,-99.0598,28),(1910,'Palmillas',23.1693,-99.5564,28),(1911,'Reynosa',25.5,-98.1667,28),(1912,'Rio Bravo',25.606,-97.9453,28),(1913,'San Carlos',24.4023,-99.1159,28),(1914,'Soto La Marina',23.736,-98.0092,28),(1915,'Tampico',22.215,-97.8529,28),(1916,'Tula',22.9768,-99.7343,28),(1917,'Valle Hermoso',25.6701,-97.8134,28),(1918,'Xicotencatl',22.9978,-98.9432,28),(1919,'Acuamanala de Miguel Hidalgo',19.2255,-98.199,29),(1920,'Altzayanca',19.4246,-97.8069,29),(1921,'Amaxac de Guerrero',19.3489,-98.1678,29),(1922,'Apetatitlan de Antonio Carvajal',19.3375,-98.1933,29),(1923,'Apizaco',19.4176,-98.1413,29),(1924,'Atlangatepec',19.5328,-98.2045,29),(1925,'Calpulalpan',19.6278,-98.5811,29),(1926,'Chiautempan',19.3152,-98.2007,29),(1927,'Contla de Juan Cuamatzi',19.1972,-98.2,29),(1928,'Cuapiaxtla',19.3554,-97.7859,29),(1929,'Cuaxomulco',19.35,-98.1,29),(1930,'El Carmen Tequexquitla',19.3479,-97.6657,29),(1931,'Espanita',19.4645,-98.474,29),(1932,'Huamantla',19.3129,-97.9218,29),(1933,'Hueyotlipan',19.5051,-98.394,29),(1934,'Ixtacuixtla de Mariano Matamoros',19.3654,-98.4048,29),(1935,'Ixtenco',19.2512,-97.8948,29),(1936,'La Magdalena Tlaltelulco',19.2812,-98.1962,29),(1937,'Mazatecochco de Jose Maria Morelos',19.1793,-98.1861,29),(1938,'Munoz de Domingo Arenas',19.1208,-98.2233,29),(1939,'Nanacamilpa de Mariano Arista',19.4908,-98.5372,29),(1940,'Nativitas',19.2325,-98.3323,29),(1941,'Panotla',19.3449,-98.2844,29),(1942,'Papalotla de Xicohtencatl',19.1665,-98.2066,29),(1943,'San Damian Texoloc',19.2777,-98.2848,29),(1944,'San Francisco Tetlanohcan',19.2587,-98.1632,29),(1945,'San Jeronimo Zacualpan',19.2418,-98.2637,29),(1946,'San Jose Teacalco',19.3368,-98.0632,29),(1947,'San Juan Huactzinco',19.235,-98.2512,29),(1948,'San Lorenzo Axocomanitla',19.2219,-98.2567,29),(1949,'San Lucas Tecopilco',19.488,-98.2544,29),(1950,'San Pablo Del Monte',19.1527,-98.1109,29),(1951,'Sanctorum de Lazaro Cardenas',19.1218,-98.2242,29),(1952,'Santa Ana Nopalucan',19.3013,-98.3353,29),(1953,'Santa Apolonia Teacalco',19.25,-98.3,29),(1954,'Santa Catarina Ayometla',19.1991,-98.2143,29),(1955,'Santa Cruz Quilehtla',19.2119,-98.226,29),(1956,'Santa Cruz Tlaxcala',19.3539,-98.1515,29),(1957,'Santa Isabel Xiloxoxtla',19.2196,-98.2095,29),(1958,'Teolocholco',19.2458,-98.186,29),(1959,'Tepetitla de Lardizabal',19.2771,-98.3886,29),(1960,'Tepeyanco',19.2593,-98.2317,29),(1961,'Terrenate',19.4518,-97.9069,29),(1962,'Tetla de la Solidaridad',19.4444,-98.1285,29),(1963,'Tetlatlahuca',19.2653,-98.2722,29),(1964,'Tlaxcala',19.3223,-98.2301,29),(1965,'Tocatlan',19.3716,-98.0284,29),(1966,'Totolac',19.3284,-98.2493,29),(1967,'Tzompantepec',19.3766,-98.0923,29),(1968,'Xaloztoc',19.4096,-98.0483,29),(1969,'Xaltocan',19.4438,-98.214,29),(1970,'Xicohtzinco',19.1756,-98.2365,29),(1971,'Yauhquemecan',19.4136,-98.1751,29),(1972,'Zacatelco',19.2164,-98.2414,29),(1973,'Zitlaltepec de Trinidad Sanchez Santos',19.1906,-97.9258,29),(1974,'Acayucan',17.9503,-94.9159,30),(1975,'Acula',18.4622,-95.8243,30),(1976,'Acultzingo',18.7218,-97.2969,30),(1977,'Agua Dulce',18.1439,-94.1425,30),(1978,'Alpatlahuac',19.1167,-97.0833,30),(1979,'Alto Lucero de Gutierrez Barrios',19.6235,-96.7332,30),(1980,'Altotonga',19.7659,-97.2422,30),(1981,'Alvarado',18.7698,-95.7599,30),(1982,'Amatitlan',18.4211,-95.7139,30),(1983,'Amatlan de los Reyes',18.8481,-96.9167,30),(1984,'Angel R Cabada',18.5969,-95.4458,30),(1985,'Apazapan',19.3167,-96.65,30),(1986,'Astacinga',18.5657,-97.1009,30),(1987,'Atlahuilco',18.697,-97.0909,30),(1988,'Atzacan',18.9462,-97.0274,30),(1989,'Atzalan',19.7869,-97.2428,30),(1990,'Ayahualulco',19.3729,-97.1909,30),(1991,'Banderilla',19.5758,-96.9265,30),(1992,'Boca del Rio',19.1068,-96.1077,30),(1993,'Calcahualco',19.1219,-97.0851,30),(1994,'Camaron de Tejeda',19.0231,-96.6143,30),(1995,'Camerino Z Mendoza',20.4167,-97.4167,30),(1996,'Carlos A Carrillo',18.3718,-95.7437,30),(1997,'Carrillo Puerto',18.8099,-96.5997,30),(1998,'Castillo de Teayo',20.7494,-97.63,30),(1999,'Catemaco',18.4217,-95.1112,30),(2000,'Cazones',20.7244,-97.2054,30),(2001,'Cerro Azul',21.1919,-97.7438,30),(2002,'Chacaltianguis',18.3046,-95.84,30),(2003,'Chalma',21.2075,-98.3978,30),(2004,'Chiconamel',21.2307,-98.4619,30),(2005,'Chiconquiaco',19.75,-96.8167,30),(2006,'Chicontepec',20.9718,-98.1745,30),(2007,'Chinameca',17.7139,-94.4667,30),(2008,'Chinampa de Gorostiza',21.3618,-97.7341,30),(2009,'Chocaman',18.9941,-97.0568,30),(2010,'Chontla',21.2896,-97.9237,30),(2011,'Chumatlan',20.1905,-97.5897,30),(2012,'Citlaltepetl',21.3278,-97.8789,30),(2013,'Coacoatzintla',19.6517,-96.9439,30),(2014,'Coahuitlan',20.2748,-97.6937,30),(2015,'Coatzacoalcos',18.1512,-94.4007,30),(2016,'Coatzintla',20.4045,-97.5112,30),(2017,'Coetzala',18.7855,-96.9183,30),(2018,'Colipa',19.9208,-96.7137,30),(2019,'Comapa',19.1527,-96.8334,30),(2020,'Cordoba',18.8653,-96.9552,30),(2021,'Cosamaloapan de Carpio',18.3457,-95.9795,30),(2022,'Cosautlan de Carvajal',19.3476,-96.9701,30),(2023,'Coscomatepec',19.071,-97.0434,30),(2024,'Cosoleacaque',18.0137,-94.5715,30),(2025,'Cotaxtla',18.8538,-96.362,30),(2026,'Coxquihui',20.1836,-97.5852,30),(2027,'Coyutla',20.3685,-97.7276,30),(2028,'Cuichapa',18.7833,-96.9042,30),(2029,'Cuitlahuac',18.7321,-96.6286,30),(2030,'El Higo',21.7667,-98.4167,30),(2031,'Espinal',20.2683,-97.598,30),(2032,'Filomeno Mata',20.1988,-97.7018,30),(2033,'Fortin',18.9059,-96.9809,30),(2034,'Gutierrez Zamora',20.4357,-97.1166,30),(2035,'Hidalgotitlan',17.6569,-94.5292,30),(2036,'Huatusco',19.1273,-96.8175,30),(2037,'Huayacocotla',20.5568,-98.4056,30),(2038,'Hueyapan de Ocampo',18.2435,-95.3531,30),(2039,'Huiloapan',18.8212,-97.1537,30),(2040,'Ignacio de La Llave',18.7253,-95.9864,30),(2041,'Ilamatlan',20.792,-98.408,30),(2042,'Isla',17.7139,-94.4667,30),(2043,'Ixcatepec',21.1974,-98.0261,30),(2044,'Ixhuacan de los Reyes',19.3167,-97.0333,30),(2045,'Ixhuatlan de Madero',20.6884,-98.0127,30),(2046,'Ixhuatlan del Cafe',19.0506,-96.9841,30),(2047,'Ixhuatlan del Sureste',18.0356,-94.3472,30),(2048,'Ixhuatlancillo',18.8776,-97.124,30),(2049,'Ixmatlahuacan',18.4486,-95.8298,30),(2050,'Ixtaczoquitlan',22.0833,-98.1333,30),(2051,'Jalacingo',19.805,-97.3081,30),(2052,'Jalcomulco',19.333,-96.7443,30),(2053,'Jaltipan',17.7868,-94.6852,30),(2054,'Jamapa',19.0396,-96.2441,30),(2055,'Jesus Carranza',17.4364,-95.0253,30),(2056,'Juan Rodriguez Clara',17.9911,-95.4042,30),(2057,'Juchique de Ferrer',19.3333,-96.6167,30),(2058,'La Antigua',19.2667,-96.3167,30),(2059,'La Perla',18.3667,-95.2833,30),(2060,'Landero y Coss',19.734,-96.8512,30),(2061,'Las Choapas',17.5791,-94.2306,30),(2062,'Las Minas',19.6905,-97.1466,30),(2063,'Las Vigas de Ramirez',19.6305,-97.0978,30),(2064,'Lerdo de Tejada',18.6408,-95.4957,30),(2065,'Maltrata',18.8112,-97.2748,30),(2066,'Manlio Fabio Altamirano',19.1572,-96.35,30),(2067,'Mariano Escobedo',18.8876,-97.1095,30),(2068,'Martinez de la Torre',20.0733,-97.0701,30),(2069,'Mecatlan',20.2106,-97.692,30),(2070,'Mecayapan',18.2141,-94.8354,30),(2071,'Medellin',19.2088,-96.1562,30),(2072,'Miahuatlan',19.708,-96.8709,30),(2073,'Misantla',19.9365,-96.8538,30),(2074,'Mixtla de Altamirano',19.35,-97.15,30),(2075,'Moloacan',20.2222,-97.0583,30),(2076,'Nanchital de Lazaro Cardenas del Rio',18.0632,-94.4073,30),(2077,'Naolinco',19.6563,-96.8726,30),(2078,'Naranjal',18.8116,-96.9623,30),(2079,'Naranjos Amatlan',21.331,-97.7536,30),(2080,'Nautla',20.0484,-96.8343,30),(2081,'Oluta',17.85,-94.8667,30),(2082,'Omealca',18.7448,-96.7825,30),(2083,'Orizaba',18.8559,-97.1124,30),(2084,'Otatitlan',18.1811,-96.0344,30),(2085,'Oteapan',18.0063,-94.6645,30),(2086,'Ozuluama de Mascarenas',21.6437,-97.6724,30),(2087,'Pajapan',18.1345,-94.725,30),(2088,'Panuco',22.2436,-97.8731,30),(2089,'Papantla',20.4567,-97.3156,30),(2090,'Paso de Ovejas',19.2129,-96.5925,30),(2091,'Paso Del Macho',18.9928,-96.7189,30),(2092,'Perote',19.5754,-97.1615,30),(2093,'Platon Sanchez',21.2779,-98.3737,30),(2094,'Playa Vicente',17.7813,-95.5469,30),(2095,'Poza Rica de Hidalgo',20.527,-97.4589,30),(2096,'Pueblo Viejo',22.2047,-97.8527,30),(2097,'Puente Nacional',19.3333,-96.4333,30),(2098,'Rafael Delgado',18.8328,-97.0901,30),(2099,'Rafael Lucio',19.592,-96.9902,30),(2100,'Rio Blanco',18.8343,-97.1523,30),(2101,'Saltabarranca',18.5843,-95.5273,30),(2102,'San Andres Tenejapan',18.7833,-97.0833,30),(2103,'San Andres Tuxtla',18.2807,-95.2143,30),(2104,'San Juan Evangelista',17.7235,-95.1256,30),(2105,'San Rafael',20.2124,-96.889,30),(2106,'Santiago Sochiapan',17.6667,-95.3667,30),(2107,'Santiago Tuxtla',18.4668,-95.438,30),(2108,'Sayula de Aleman',17.924,-94.8878,30),(2109,'Sochiapa',19.1931,-96.937,30),(2110,'Soconusco',18.0333,-94.7833,30),(2111,'Soledad Atzompa',18.7351,-97.1773,30),(2112,'Soledad de Doblado',19.15,-96.45,30),(2113,'Soteapan',18.2461,-94.9136,30),(2114,'Tamalin',21.369,-97.7986,30),(2115,'Tamiahua',21.2363,-97.6158,30),(2116,'Tampico Alto',22.1115,-97.8011,30),(2117,'Tancoco',21.2862,-97.7904,30),(2118,'Tantima',21.369,-97.7986,30),(2119,'Tantoyuca',21.2932,-98.3211,30),(2120,'Tatahuicapan de Juarez',18.8835,-96.9321,30),(2121,'Tatatila',19.7256,-97.0252,30),(2122,'Tecolutla',20.4746,-97.0141,30),(2123,'Tehuipango',18.518,-97.0544,30),(2124,'Temapache',20.9107,-97.6812,30),(2125,'Tempoal',21.686,-98.2125,30),(2126,'Tenampa',19.248,-96.885,30),(2127,'Tenochtitlan',19.8376,-96.9338,30),(2128,'Teocelo',19.3301,-96.9844,30),(2129,'Tepatlaxco',19.0469,-96.8245,30),(2130,'Tepetlan',19.6236,-96.7587,30),(2131,'Texcatepec',20.5848,-98.3653,30),(2132,'Texhuacan',18.6234,-97.0371,30),(2133,'Texistepec',18.0097,-94.8253,30),(2134,'Tezonapa',18.5305,-96.7884,30),(2135,'Tihuatlan',20.5505,-97.4764,30),(2136,'Tlachichilco',20.6659,-98.1832,30),(2137,'Tlacojalpan',18.229,-95.942,30),(2138,'Tlacolulan',19.6656,-97.0029,30),(2139,'Tlacotalpan',18.613,-95.6613,30),(2140,'Tlacotepec de Mejia',19.1884,-96.837,30),(2141,'Tlalixcoyan',18.7999,-96.0527,30),(2142,'Tlalnelhuayocan',19.5559,-96.963,30),(2143,'Tlaltetela',19.2667,-96.95,30),(2144,'Tlapacoyan',20.019,-97.1456,30),(2145,'Tlaquilpa',18.6096,-97.1181,30),(2146,'Tlilapan',18.8095,-97.0933,30),(2147,'Tonayan',19.7283,-96.9257,30),(2148,'Totutla',19.2115,-96.9612,30),(2149,'Tres Valles',18.2348,-96.1335,30),(2150,'Tuxpam',20.9504,-97.4123,30),(2151,'Tuxtilla',18.2366,-95.8968,30),(2152,'Ursulo Galvan',19.4056,-96.3408,30),(2153,'Uxpanapa',17.7099,-94.181,30),(2154,'Vega de Alatorre',20.0271,-96.6498,30),(2155,'Veracruz',19.5065,-96.8791,30),(2156,'Villa Aldama',20.0167,-97.0167,30),(2157,'Xalapa',19.5711,-96.8356,30),(2158,'Xico',19.4209,-96.9696,30),(2159,'Xoxocotla',18.6475,-97.1525,30),(2160,'Yanga',17.625,-94.2167,30),(2161,'Yecuatla',19.8482,-96.7596,30),(2162,'Zentla',19.1151,-96.8588,30),(2163,'Zongolica',18.6655,-96.998,30),(2164,'Zontecomatlan de Lopez y Fuentes',20.7667,-98.25,30),(2165,'Zozocolco de Hidalgo',20.14,-97.575,30),(2166,'Abala',20.6385,-89.6588,31),(2167,'Acanceh',20.8132,-89.4529,31),(2168,'Akil',20.2631,-89.346,31),(2169,'Baca',21.1086,-89.3991,31),(2170,'Bokoba',21.0167,-89.1833,31),(2171,'Buctzotz',21.2008,-88.7905,31),(2172,'Cacalchen',20.5167,-88.7667,31),(2173,'Calotmul',21.0217,-88.1762,31),(2174,'Cansahcab',21.1579,-89.1022,31),(2175,'Cantamayec',20.4707,-89.0812,31),(2176,'Celestun',20.8667,-90.4,31),(2177,'Cenotillo',20.9685,-88.6006,31),(2178,'Chacsinkin',20.9333,-89.6667,31),(2179,'Chankom',20.5685,-88.5125,31),(2180,'Chapab',20.4575,-89.4577,31),(2181,'Chemax',20.6565,-87.936,31),(2182,'Chichimila',20.4594,-88.21,31),(2183,'Chicxulub Pueblo',21.3,-89.6,31),(2184,'Chikindzonot',20.3321,-88.4872,31),(2185,'Chochola',21.1667,-88.1167,31),(2186,'Chumayel',20.4326,-89.3016,31),(2187,'Conkal',21.075,-89.5194,31),(2188,'Cuncunul',20.6394,-88.2979,31),(2189,'Cuzama',20.7117,-89.3268,31),(2190,'Dzan',20.3833,-89.4667,31),(2191,'Dzemul',21.2104,-89.3093,31),(2192,'Dzidzantun',21.2058,-88.9747,31),(2193,'Dzilam de Bravo',21.3928,-88.8915,31),(2194,'Dzilam Gonzalez',21.225,-88.9228,31),(2195,'Dzitas',20.8389,-88.5284,31),(2196,'Dzoncauich',21.0525,-88.8937,31),(2197,'Espita',21.013,-88.3067,31),(2198,'Halacho',20.5061,-90.112,31),(2199,'Hocaba',20.814,-89.2469,31),(2200,'Hoctun',20.9124,-89.1963,31),(2201,'Homun',20.738,-89.2853,31),(2202,'Huhi',21.2833,-89.25,31),(2203,'Hunucma',21.0181,-89.8753,31),(2204,'Ixil',21.1667,-89.4667,31),(2205,'Izamal',20.9519,-89.1182,31),(2206,'Kanasin',20.9322,-89.557,31),(2207,'Kantunil',20.7565,-88.9295,31),(2208,'Kaua',20.622,-88.4143,31),(2209,'Kinchil',20.8717,-90.0833,31),(2210,'Kopoma',20.6246,-89.8906,31),(2211,'Mama',20.4776,-89.3647,31),(2212,'Mani',20.3833,-89.4,31),(2213,'Maxcanu',20.5856,-90.0066,31),(2214,'Mayapan',20.4674,-89.2141,31),(2215,'Merida',21.0402,-89.5621,31),(2216,'Mococha',20.35,-88.3,31),(2217,'Motul',21.1002,-89.2775,31),(2218,'Muna',19.9083,-89.5,31),(2219,'Muxupip',21.0429,-89.3297,31),(2220,'Opichen',20.5501,-89.8574,31),(2221,'Oxkutzcab',20.2272,-89.4674,31),(2222,'Panaba',21.2963,-88.2703,31),(2223,'Peto',20.1263,-88.9228,31),(2224,'Quintana Roo',20.8679,-88.6317,31),(2225,'Rio Lagartos',21.5964,-88.1645,31),(2226,'Sacalum',20.4954,-89.591,31),(2227,'Samahil',20.8832,-89.8891,31),(2228,'Sanahcat',20.7726,-89.2149,31),(2229,'Santa Elena',20.3278,-89.6441,31),(2230,'Seye',20.8781,-89.3282,31),(2231,'Sinanche',21.3524,-89.1718,31),(2232,'Sotuta',20.5967,-89.0067,31),(2233,'Sucila',21.1548,-88.3122,31),(2234,'Sudzal',20.8706,-88.9889,31),(2235,'Suma',21.1066,-89.1593,31),(2236,'Tahdziu',20.3234,-88.8447,31),(2237,'Tahmek',20.8754,-89.2556,31),(2238,'Teabo',20.4003,-89.2855,31),(2239,'Tecoh',20.6961,-89.3933,31),(2240,'Tekal de Venegas',21.0135,-88.9471,31),(2241,'Tekanto',21.0117,-89.1069,31),(2242,'Tekax',19.8773,-89.2138,31),(2243,'Tekit',20.5329,-89.3314,31),(2244,'Tekom',20.5492,-88.4155,31),(2245,'Telchac Pueblo',21.232,-89.2754,31),(2246,'Telchac Puerto',21.3421,-89.2625,31),(2247,'Temax',21.1311,-88.9822,31),(2248,'Temozon',20.802,-88.2008,31),(2249,'Tepakan',21.05,-89.05,31),(2250,'Tetiz',20.9748,-89.9688,31),(2251,'Teya',21.0491,-89.0741,31),(2252,'Ticul',20.3985,-89.5379,31),(2253,'Timucuy',21.2,-89,31),(2254,'Tinum',20.7821,-88.4116,31),(2255,'Tixcacalcupul',20.3584,-88.3027,31),(2256,'Tixkokob',20.9655,-89.3488,31),(2257,'Tixmehuac',20.5333,-90,31),(2258,'Tixpehual',21,-89.4667,31),(2259,'Tizimin',21.1615,-88.0474,31),(2260,'Tunkas',20.901,-88.7513,31),(2261,'Tzucacab',20.078,-89.1479,31),(2262,'Uayma',21.1167,-88.9,31),(2263,'Ucu',21.0333,-89.75,31),(2264,'Uman',20.88,-89.747,31),(2265,'Valladolid',20.6886,-88.1997,31),(2266,'Xocchel',20.8332,-89.1833,31),(2267,'Yaxcaba',20.5252,-88.7333,31),(2268,'Yaxkukul',21.0624,-89.4191,31),(2269,'Yobain',21.3565,-89.1173,31),(2270,'Apozol',21.4703,-103.091,32),(2271,'Apulco',21.9667,-102.883,32),(2272,'Atolinga',21.8088,-103.465,32),(2273,'Calera',22.9501,-102.71,32),(2274,'Canitas de Felipe Pescador',23.553,-102.866,32),(2275,'Chalchihuites',23.4758,-103.881,32),(2276,'Concepcion del Oro',24.528,-101.337,32),(2277,'El Plateado de Joaquin Amaro',22.0946,-103.032,32),(2278,'El Salvador',24.521,-100.868,32),(2279,'Fresnillo',23.365,-103.073,32),(2280,'Genaro Codina',22.4902,-102.455,32),(2281,'General Enrique Estrada',22.9971,-102.742,32),(2282,'General Francisco R Murguia',24.2689,-103.039,32),(2283,'General Panfilo Natera',22.6333,-101.967,32),(2284,'Huanusco',21.7746,-102.973,32),(2285,'Jalpa',21.7129,-103.01,32),(2286,'Jerez',22.7923,-103.169,32),(2287,'Jimenez del Teul',23.2456,-103.764,32),(2288,'Juan Aldama',24.181,-103.252,32),(2289,'Juchipila',21.9306,-102.9,32),(2290,'Luis Moya',22.5031,-102.28,32),(2291,'Mazapil',24.8155,-102.276,32),(2292,'Mezquital Del Oro',21.2146,-103.362,32),(2293,'Miguel Auza',24.2376,-103.556,32),(2294,'Momax',23.6667,-101.95,32),(2295,'Monte Escobedo',22.6248,-103.414,32),(2296,'Moyahua de Estrada',21.192,-103.174,32),(2297,'Nochistlan de Mejia',21.365,-102.847,32),(2298,'Noria de angeles',22.3814,-102.056,32),(2299,'Ojocaliente',22.433,-102.155,32),(2300,'Pinos',22.2973,-101.575,32),(2301,'Rio Grande',23.8555,-103.125,32),(2302,'Sain Alto',23.6307,-103.203,32),(2303,'Santa Maria de la Paz',21.5063,-103.373,32),(2304,'Sombrerete',23.6357,-103.582,32),(2305,'Susticacan',22.6135,-103.125,32),(2306,'Tabasco',21.8605,-102.914,32),(2307,'Tepechitlan',22.4,-103.2,32),(2308,'Tepetongo',22.4623,-103.147,32),(2309,'Teul de Gonzalez Ortega',21.4113,-103.287,32),(2310,'Tlaltenango de Sanchez Roman',21.7802,-103.302,32),(2311,'Trancoso',22.8172,-102.226,32),(2312,'Trinidad Garcia de la Cadena',21.8667,-102.917,32),(2313,'Valparaiso',22.8212,-103.362,32),(2314,'Vetagrande',22.834,-102.556,32),(2315,'Villa de Cos',23.7841,-102.163,32),(2316,'Villa Garcia',22.1066,-101.922,32),(2317,'Villa Gonzalez Ortega',22.5678,-102.003,32),(2318,'Villanueva',22.1333,-103.017,32),(2319,'Zacatecas',22.7709,-102.583,32),(2320,'Cinvestav',23.7207,-99.0779,28),(2321,'Cuerudo Tamaulipeco',23.7191,-99.0939,28),(2322,'Origen',19.3841,-99.0216,1);
/*!40000 ALTER TABLE `ciudades` ENABLE KEYS */;
UNLOCK TABLES;

--
-- Table structure for table `estados`
--

DROP TABLE IF EXISTS `estados`;
/*!40101 SET @saved_cs_client     = @@character_set_client */;
/*!50503 SET character_set_client = utf8mb4 */;
CREATE TABLE `estados` (
  `id_estado` int(11) NOT NULL AUTO_INCREMENT,
  `estado` varchar(100) CHARACTER SET utf8 COLLATE utf8_spanish_ci NOT NULL,
  PRIMARY KEY (`id_estado`)
) ENGINE=InnoDB AUTO_INCREMENT=33 DEFAULT CHARSET=utf8 COLLATE=utf8_spanish_ci;
/*!40101 SET character_set_client = @saved_cs_client */;

--
-- Dumping data for table `estados`
--

LOCK TABLES `estados` WRITE;
/*!40000 ALTER TABLE `estados` DISABLE KEYS */;
INSERT INTO `estados` VALUES (1,'Aguascalientes'),(2,'Baja California'),(3,'Baja California Sur'),(4,'Campeche'),(5,'Chiapas'),(6,'Chihuahua'),(7,'Coahuila de Zaragoza'),(8,'Colima'),(9,'Ciudad de México'),(10,'Durango'),(11,'Guanajuato'),(12,'Guerrero'),(13,'Hidalgo'),(14,'Jalisco'),(15,'Estado de México'),(16,'Michoacan de Ocampo'),(17,'Morelos'),(18,'Nayarit'),(19,'Nuevo Leon'),(20,'Oaxaca'),(21,'Puebla'),(22,'Queretaro Arteaga'),(23,'Quintana Roo'),(24,'San Luis Potosi'),(25,'Sinaloa'),(26,'Sonora'),(27,'Tabasco'),(28,'Tamaulipas'),(29,'Tlaxcala'),(30,'Veracruz'),(31,'Yucatan'),(32,'Zacatecas');
/*!40000 ALTER TABLE `estados` ENABLE KEYS */;
UNLOCK TABLES;

--
-- Table structure for table `itinerario`
--

DROP TABLE IF EXISTS `itinerario`;
/*!40101 SET @saved_cs_client     = @@character_set_client */;
/*!50503 SET character_set_client = utf8mb4 */;
CREATE TABLE `itinerario` (
  `iditinerario` int(11) NOT NULL AUTO_INCREMENT,
  `id_ciudad` int(11) NOT NULL,
  PRIMARY KEY (`iditinerario`),
  KEY `fk_ciudad_idx` (`id_ciudad`),
  CONSTRAINT `fk_ciudad` FOREIGN KEY (`id_ciudad`) REFERENCES `ciudades` (`id_ciudad`)
) ENGINE=InnoDB AUTO_INCREMENT=28 DEFAULT CHARSET=utf8;
/*!40101 SET character_set_client = @saved_cs_client */;

--
-- Dumping data for table `itinerario`
--

LOCK TABLES `itinerario` WRITE;
/*!40000 ALTER TABLE `itinerario` DISABLE KEYS */;
INSERT INTO `itinerario` VALUES (26,10),(23,12),(27,22);
/*!40000 ALTER TABLE `itinerario` ENABLE KEYS */;
UNLOCK TABLES;
/*!40103 SET TIME_ZONE=@OLD_TIME_ZONE */;

/*!40101 SET SQL_MODE=@OLD_SQL_MODE */;
/*!40014 SET FOREIGN_KEY_CHECKS=@OLD_FOREIGN_KEY_CHECKS */;
/*!40014 SET UNIQUE_CHECKS=@OLD_UNIQUE_CHECKS */;
/*!40101 SET CHARACTER_SET_CLIENT=@OLD_CHARACTER_SET_CLIENT */;
/*!40101 SET CHARACTER_SET_RESULTS=@OLD_CHARACTER_SET_RESULTS */;
/*!40101 SET COLLATION_CONNECTION=@OLD_COLLATION_CONNECTION */;
/*!40111 SET SQL_NOTES=@OLD_SQL_NOTES */;

-- Dump completed on 2019-10-23 19:01:34
